Population,Region,Latitude,Longitude,Ancient North Eurasian,Basal East Eurasian,Caucasus Dzudzuana,East African Hunter Gatherer,East Eurasian,South African Hunter Gatherer,West African Hunter Gatherer,Western Hunter Gatherer
Americas:Amerindian:Ashaninka,America,-11.9311,-73.9073,51,0,0,0,49,0,0,0
Americas:Amerindian:Aymara*(Bolivia),America,-17,-68.5,52.4,0,0,0,47.6,0,0,0
Americas:Amerindian:Aymara*(Peru),America,-17.1417,-70.3442,51.4,0,0,0,48.6,0,0,0
Americas:Amerindian:Aymara*(Titicaca),America,-15.825,-69.325,52.2,0,0,0,47.8,0,0,0
Americas:Amerindian:Cachi*(Ecuador),America,0.71489,-79.0508,53.2,0,0,0,46.8,0,0,0
Americas:Amerindian:Cashibo*(Peru),America,-8.70232,-75.4206,51.6,0,0,0,48.4,0,0,0
Americas:Amerindian:Chipewyan,America,58.98,-104.44,43.2,0,0,0,56.8,0,0,0
Americas:Amerindian:Colla,America,-11.14278,-76.73046,53.6,0,0,0,46.4,0,0,0
Americas:Amerindian:Huambisa,America,-3.99109,-77.9797,50.6,0,0,0,49.4,0,0,0
Americas:Amerindian:Huichol*(Mexico),America,21.954,-104.062,51.2,0,0,0,48.8,0,0,0
Americas:Amerindian:Karitiana*(Brazil),America,-9.37937,-64.1522,52.8,0,0,0,47.2,0,0,0
Americas:Amerindian:Maya,America,18.7757,-88.9567,52.4,0,0,0,47.6,0,0,0
Americas:Amerindian:Maya*(Tzotzil),America,16.6362,-92.7388,50.2,0,0,0,49.8,0,0,0
Americas:Amerindian:Mixe*(Mexico),America,17.2157,-96.0179,49.4,0,0,0,50.6,0,0,0
Americas:Amerindian:Mixtec*(Mexico),America,17.144191,-97.763219,51.6,0,0,0,48.4,0,0,0
Americas:Amerindian:Nahua*(Mexico),America,17.8583,-99.0023,51,0,0,0,49,0,0,0
Americas:Amerindian:North*Amerindian,America,36.2862,-96.8937,43.4,0,0,0,56.6,0,0,0
Americas:Amerindian:Piapoco,America,4.37718,-68.5953,51,0,0,0,49,0,0,0
Americas:Amerindian:Pima,America,31.7973,-111.995,49.8,0,0,0,50.2,0,0,0
Americas:Amerindian:Quechua*(Peru),America,-13.84714,-74.32246,53,0,0,0,47,0,0,0
Americas:Amerindian:Quechua*(Titicaca),America,-14.608,-70.2084,52.4,0,0,0,47.6,0,0,0
Americas:Amerindian:Shipibo*(Peru),America,-7.17105,-74.8219,51.4,0,0,0,48.6,0,0,0
Americas:Amerindian:Suru*(Brazil),America,-11.0989,-61.2818,52.6,0,0,0,47.4,0,0,0
Americas:Amerindian:Totonac*(Mexico),America,20.1765,-96.8741,51,0,0,0,49,0,0,0
Americas:Amerindian:Uros*(Peru),America,-16.72547,-68.97119,52.2,0,0,0,47.8,0,0,0
Americas:Amerindian:Wichi,America,-23.1633,-62.1757,51.8,0,0,0,48.2,0,0,0
Americas:Amerindian:Yukpa,America,9.67534,-73.0557,51,0,0,0,49,0,0,0
Americas:Amerindian:Zapotec*(Mexico),America,16.8258,-96.7263,51.8,0,0,0,48.2,0,0,0
Americas:Arctic:Eskimo,East Asia,69.582,-143.77,29,0,0,0,71,0,0,0
Americas:Arctic:Eskimo*(Chaplin),East Asia,63.4308,-170.272,27.6,0,0,0,72.4,0,0,0
Americas:Arctic:Eskimo*(Naukan),East Asia,65.5184,-171.755,30.4,0,0,0,69.6,0,0,0
Americas:Arctic:Eskimo*(Sireniki),East Asia,64.5192,-173.925,28.2,0,0,0,71.8,0,0,0
Balochi*and*Brahui:Balochi:Balochi,Central/South Asia,28,62,46,11.6,39.4,3,0,0,0,0
Balochi*and*Brahui:Balochi:Makrani,Central/South Asia,26,64,42.6,9.4,41.8,5.8,0,0,0.4,0
Balochi*and*Brahui:Brahui:Brahui,Central/South Asia,29.04,66.56,45.4,12.4,39.2,3,0,0,0,0
Baltic*Finnic:Estonia:Estonian,Europe,58.55,25.82,36.6,0,38.4,0,0,0,0,25
Baltic*Finnic:Finland:Finnish*(Central),Europe,62.5,25.5,41.4,0,36.6,0,0,0,0,22
Baltic*Finnic:Finland:Finnish*(East),Europe,61.68333333,27.26666667,43.4,0,34.2,0,0,0,0,22.4
Baltic*Finnic:Finland:Finnish*(North),Europe,67,26,42.6,0,35.2,0,0.2,0,0,22
Baltic*Finnic:Finland:Finnish*(Southeast),Europe,61,28,39.8,0,37.6,0,0,0,0,22.6
Baltic*Finnic:Finland:Finnish*(Southwest),Europe,60.16666667,22.73333333,38.8,0,39.2,0,0,0,0,22
Baltic*Finnic:Russia:Ingrian,Europe,59.47403,29.71145,40.8,0,37,0,0,0,0,22.2
Baltic*Finnic:Russia:Karelian,Europe,65.1691,30.8655,42.8,0,34.4,0,0.4,0,0,22.4
Baltic*Finnic:Russia:Vepsian,Europe,60.3353,34.7865,42.6,0,34.8,0,1.2,0,0,21.4
Bashkir*and*Siberian*Tatar:Bashkir:Bashkir,Central/South Asia,53.59671,56.55937,40.2,0,23.2,0,34,0,0,2.6
Bashkir*and*Siberian*Tatar:Bashkir:Bashkir*(Baimaksky),Central/South Asia,52.6,58.31666667,41.6,0,22,0,34.8,0,0,1.6
Bashkir*and*Siberian*Tatar:Bashkir:Bashkir*(Kugarchinsky),Central/South Asia,52.71666667,56.63333333,40.6,0,23.2,0,34,0,0,2.2
Bashkir*and*Siberian*Tatar:Siberian*Tatar:Siberian*Tatar*(Iskero-Tobolsk),Central/South Asia,58.2,68.26666667,38.8,0,19.2,0,41,0,0,1
Bashkir*and*Siberian*Tatar:Siberian*Tatar:Siberian*Tatar*(Tomsk),Central/South Asia,56.5,84.96666667,34.2,0,22.8,0,38.8,0,0,4.2
Bashkir*and*Siberian*Tatar:Siberian*Tatar:Siberian*Tatar*(Yalutorovsky),Central/South Asia,56.66666667,66.3,41.2,0,22.6,0,33.8,0,0,2.4
Central*Asia:Hazara:Hazara*(Afghanistan),Central/South Asia,33.3708,64.5105,32,3.4,23.4,0,41.2,0,0,0
Central*Asia:Kazakh:Kazakh,Central/South Asia,51.17,71.454,24.4,0,18.4,0,57.2,0,0,0
Central*Asia:Kazakh:Kazakh*(Kazakhstan),Central/South Asia,51.16666667,71.43333333,23.4,0,18,0,58.6,0,0,0
Central*Asia:Kazakh:Kazakh*(Omsk),Central/South Asia,54.98333333,73.36666667,22.6,0,16.4,0,60.6,0,0,0.4
Central*Asia:Kyrgyz:Kyrgyz,Central/South Asia,42,74,21,0,14.2,0,64.8,0,0,0
Central*Asia:Kyrgyz:Kyrgyz*(Bishkek),Central/South Asia,42.87472222,74.61222222,21.2,0,14,0,64.8,0,0,0
Central*Asia:Kyrgyz:Kyrgyz*(China),Central/South Asia,39.71611111,76.16833333,21.6,0,13.4,0,65,0,0,0
Central*Asia:Kyrgyz:Kyrgyz*(Tajikistan),Central/South Asia,39.04,73.42,23.8,0,15,0,61.2,0,0,0
Central*Asia:Tajik:Pamiri*(Badakhshan),Central/South Asia,37.49166667,71.55583333,51.4,9.2,36.6,0,2.8,0,0,0
Central*Asia:Tajik:Pamiri*(Ishkashim),Central/South Asia,36.72722222,71.61166667,52,12.2,35.8,0,0,0,0,0
Central*Asia:Tajik:Pamiri*(Rushan),Central/South Asia,38,72.08333333,54.2,1.4,40.2,0,4.2,0,0,0
Central*Asia:Tajik:Pamiri*(Shugnan),Central/South Asia,37.61666667,71.45,54,4.6,38.4,0,3,0,0,0
Central*Asia:Tajik:Tajik,Central/South Asia,38.8213,68.5549,46,1.8,40.4,0,11.8,0,0,0
Central*Asia:Tajik:Tajik*(Ayni),Central/South Asia,39.3975,68.54055556,44.2,2.4,40.8,0,12.6,0,0,0
Central*Asia:Tajik:Tajik*(Hisor),Central/South Asia,38.52638889,68.53805556,46.4,0.4,39.6,0,13.6,0,0,0
Central*Asia:Tajik:Tajik*(Kulob),Central/South Asia,37.90916667,69.78194444,48.4,2,40.4,0,9.2,0,0,0
Central*Asia:Tajik:Yaghnobi,Central/South Asia,39.1486,69.2422,50.6,0,46.4,0,3,0,0,0
Central*Asia:Turkmen:Turkmen,Central/South Asia,37.08719,59.17574,34.6,0,39.4,0,26,0,0,0
Central*Asia:Turkmen:Turkmen*(Golestan),Central/South Asia,36.83916667,54.44444444,34.8,0,44,0.4,20.8,0,0,0
Central*Asia:Turkmen:Turkmen*(Uzbekistan),Central/South Asia,42.46666667,59.6,34,0,38.2,0,27.8,0,0,0
Central*Asia:Uyghur:Uyghur*(China),Central/South Asia,43.88,87.38,30.2,0,23.8,0,46,0,0,0
Central*Asia:Uzbek:Uzbek,Central/South Asia,40.886,69.211,35.2,0,28.6,0,36.2,0,0,0
Central*Asia:Uzbek:Uzbek*(Khorezm),Central/South Asia,41.33333333,61,33.2,0,32.4,0,34.4,0,0,0
Central*Asia:Uzbek:Uzbek*(Tashkent),Central/South Asia,41.3,69.26666667,35,0,31.8,0,33.2,0,0,0
Central*Europe:Austria:Austrian,Europe,48.24,13.89,29,0,54.8,0,0,0,0,16.2
Central*Europe:Germany:German,Europe,48.649,12.4676,29,0,53.2,0,0,0,0,17.8
Central*Europe:Germany:German*(Bavaria),Europe,49.07861111,11.38555556,29,0,54,0,0,0,0,17
Central*Europe:Germany:German*(Hamburg),Europe,53.55,10,30.2,0,50.2,0,0,0,0,19.6
Crimea:Crimean*Tatar:Crimean*Tatar*(Steppe),Europe,45,34.08,31,0,39.2,0,27,0,0,2.8
East-Central*Europe:Hungary:Hungarian,Europe,46.90685857,19.65552714,31,0,53.4,0,0,0,0,15.6
East-Central*Europe:West*Slavic:Czech,Europe,49.873398,15.10437,31,0,50.4,0,0,0,0,18.6
East-Central*Europe:West*Slavic:Polish,Europe,51.8439,18.6255,32.4,0,47,0,0,0,0,20.6
East-Central*Europe:West*Slavic:Slovakian,Europe,48.545705,18.78479,32,0,49.2,0,0,0,0,18.8
East*Asia:Amur*Basin:Nanai,East Asia,48.43426,134.79726,0,0,0,0,100,0,0,0
East*Asia:Amur*Basin:Negidal,East Asia,52.96584,139.20575,0,0,0,0,100,0,0,0
East*Asia:Amur*Basin:Nivkh,East Asia,52.59,140.681,0.4,0,0,0,99.6,0,0,0
East*Asia:Amur*Basin:Oroqen,East Asia,50.6319,125.017,0.6,0,0,0,99.4,0,0,0
East*Asia:Amur*Basin:Ulchi,East Asia,51.85209,140.29045,0.8,0,0,0,99.2,0,0,0
East*Asia:Bonan:Bonan*(China),East Asia,35.515,102.01778,0,0,4.2,0,94.6,0,0,1.2
East*Asia:Buryat:Buryat,East Asia,50.85331,105.5637,12.4,0,3,0,84.6,0,0,0
East*Asia:Buryat:Buryat*(Aginsky),East Asia,50.89888889,114.5330556,12.4,0,2.4,0,85.2,0,0,0
East*Asia:Buryat:Buryat*(Duldurginsky),East Asia,50.79305556,113.4711111,10.8,0,2.2,0,87,0,0,0
East*Asia:Buryat:Buryat*(Irkutsk),East Asia,52.28333333,104.2833333,12.8,0,4,0,83.2,0,0,0
East*Asia:Buryat:Buryat*(Khorinsky),East Asia,52.16666667,109.7666667,11.4,0,3,0,85.6,0,0,0
East*Asia:Buryat:Buryat*(Mongolia),East Asia,48.7686,109.005,11.8,0,2.8,0,85.4,0,0,0
East*Asia:Buryat:Buryat*(Zakamensky),East Asia,55.75,103.4333333,12.6,0,2.6,0,84.8,0,0,0
East*Asia:Dong:Dong*(Guizhou),East Asia,26.83333333,106.8333333,0,0,0,0,100,0,0,0
East*Asia:Dong:Dong*(Hunan),East Asia,28.11277778,112.9833333,0,0,0,0,100,0,0,0
East*Asia:Dongxiang:Dongxiang*(China),East Asia,35.66354,103.38952,4.2,0,7.2,0,87.8,0,0,0.8
East*Asia:Han:Han*(Chongqing),East Asia,29.56361111,106.5502778,0,0,0,0,100,0,0,0
East*Asia:Han:Han*(Fujian),East Asia,25.9,118.3,0,0,0,0,100,0,0,0
East*Asia:Han:Han*(Guangdong),East Asia,23.4,113.5,0,0,0,0,100,0,0,0
East*Asia:Han:Han*(Henan),East Asia,33.9,113.5,0,0,0,0,100,0,0,0
East*Asia:Han:Han*(Hubei),East Asia,31.2,112.3,0,0,0,0,100,0,0,0
East*Asia:Han:Han*(Jiangsu),East Asia,32.9,119.8,0,0,0,0,100,0,0,0
East*Asia:Han:Han*(Shandong),East Asia,36.4,118.4,0,0,0,0,100,0,0,0
East*Asia:Han:Han*(Shanghai),East Asia,31.22861111,121.4747222,0,0,0,0,100,0,0,0
East*Asia:Han:Han*(Shanxi),East Asia,37.7,112.4,0,0,0,0,100,0,0,0
East*Asia:Han:Han*(Sichuan),East Asia,30.5,102.5,0,0,0,0,100,0,0,0
East*Asia:Han:Han*(Zhejiang),East Asia,29.2,120.5,0,0,0,0,100,0,0,0
East*Asia:Japanese:Japanese,East Asia,35,135,0,0,0,0,100,0,0,0
East*Asia:Korean:Korean,East Asia,37.54,126.98,0,0,0,0,100,0,0,0
East*Asia:Miao:Miao*(China),East Asia,22.5638,101.95,0,0,0,0,100,0,0,0
East*Asia:Mongol:Mongol*(Mongolia),East Asia,48.32397,106.28874,11.4,0,4.8,0,83.8,0,0,0
East*Asia:Naxi:Naxi*(China),East Asia,27.5,100,0,1.4,0,0,98.6,0,0,0
East*Asia:Qiang:Qiang*(Danba),East Asia,30.95,101.85,0,0,0,0,100,0,0,0
East*Asia:Qiang:Qiang*(Daofu),East Asia,30.98333333,101.1333333,0,0.4,0,0,98.8,0,0,0.8
East*Asia:She:She*(China),East Asia,23.0399,114.814,0,0,0,0,100,0,0,0
East*Asia:Tibetan:Tibetan,East Asia,28.3681,90.1872,0,9.8,0.2,0,89.6,0,0,0.4
East*Asia:Tibetan:Tibetan*(Chamdo),East Asia,31.14305556,97.17,0,4,0,0,96,0,0,0
East*Asia:Tibetan:Tibetan*(Gangcha),East Asia,37.31666667,100.15,0.8,3.6,2.2,0,92.4,0,0,1
East*Asia:Tibetan:Tibetan*(Gannan),East Asia,35.00027778,102.9102778,0.6,0,4.4,0,94.2,0,0,0.8
East*Asia:Tibetan:Tibetan*(Lhasa),East Asia,29.64861111,91.1175,0,7.4,0.2,0,91.8,0,0,0.6
East*Asia:Tibetan:Tibetan*(Nagqu),East Asia,31.47611111,92.05111111,0,6.8,0,0,93.2,0,0,0
East*Asia:Tibetan:Tibetan*(Shannan),East Asia,29.23805556,91.77111111,0,11.2,0.6,0,88.2,0,0,0
East*Asia:Tibetan:Tibetan*(Shigatse),East Asia,29.27722222,88.87555556,0,10.6,0,0,89.4,0,0,0
East*Asia:Tibetan:Tibetan*(Xinlong),East Asia,30.93888889,100.3111111,0,0,0,0,100,0,0,0
East*Asia:Tibetan:Tibetan*(Xunhua),East Asia,35.85111111,102.4891667,0,8.8,1.6,0,89.2,0,0,0.4
East*Asia:Tibetan:Tibetan*(Yajiang),East Asia,30.03194444,101.0138889,0,3.2,0.2,0,96.6,0,0,0
East*Asia:Tibetan:Tibetan*(Yunnan),East Asia,25.04944444,102.7088889,0,2.2,0,0,97.8,0,0,0
East*Asia:Tu:Tu*(China),East Asia,36.97166667,103.1419444,0,1.6,2.6,0,94.8,0,0,1
East*Asia:Tujia:Tujia*(China),East Asia,29.3016,109.759,0,0,0,0,100,0,0,0
East*Asia:Yi:Yi,East Asia,28.1947,102.121,0,2,0,0,98,0,0,0
East*Europe:Baltic:Latvian,Europe,56.826108,24.309118,36.4,0,37,0,0,0,0,26.6
East*Europe:Baltic:Lithuanian*(East*Aukstaitija),Europe,55.59805556,26.43805556,35.4,0,40.4,0,0,0,0,24.2
East*Europe:Baltic:Lithuanian*(North*Zemaitija),Europe,56.31666667,22.33333333,35.2,0,38.2,0,0,0,0,26.6
East*Europe:Baltic:Lithuanian*(South*Aukstaitija),Europe,55.23333333,25.41666667,34.8,0,42,0,0,0,0,23.2
East*Europe:Baltic:Lithuanian*(South*Zemaitija),Europe,55.25222222,22.28972222,35.6,0,37.8,0,0,0,0,26.6
East*Europe:Baltic:Lithuanian*(West*Aukstaitija),Europe,55.73333333,24.35,34.2,0,41.4,0,0,0,0,24.4
East*Europe:Baltic:Lithuanian*(West*Zemaitija),Europe,55.89,21.24222222,35,0,40,0,0,0,0,25
East*Europe:East*Slavic:Belarusian,Europe,53.2307,25.6038,34.4,0,43.4,0,0,0,0,22.2
East*Europe:East*Slavic:Russian*(Belgorod),Europe,50.6,36.6,33.6,0,46.4,0,0,0,0,20
East*Europe:East*Slavic:Russian*(Kaluga),Europe,54.55,36.28333333,35.2,0,43.2,0,0,0,0,21.6
East*Europe:East*Slavic:Russian*(Kostroma),Europe,57.76805556,40.92694444,41.6,0,39.4,0,0,0,0,19
East*Europe:East*Slavic:Russian*(Krasnoborsky),Europe,61.55,45.93333333,42,0,37.2,0,1,0,0,19.8
East*Europe:East*Slavic:Russian*(Kursk),Europe,51.71666667,36.18333333,36.2,0,43.6,0,0,0,0,20.2
East*Europe:East*Slavic:Russian*(Leshukonsky),Europe,64.9,45.76666667,46.2,0,31,0,5,0,0,17.8
East*Europe:East*Slavic:Russian*(Orel),Europe,52.96861111,36.06944444,35.8,0,44.8,0,0,0,0,19.4
East*Europe:East*Slavic:Russian*(Pinega),Europe,64.7,43.395,42.6,0,33.2,0,2.8,0,0,21.4
East*Europe:East*Slavic:Russian*(Pinezhsky),Europe,64.06666667,44.45,44.2,0,33,0,2.4,0,0,20.4
East*Europe:East*Slavic:Russian*(Pskov),Europe,57.81666667,28.33333333,35.6,0,40.8,0,0,0,0,23.6
East*Europe:East*Slavic:Russian*(Ryazan),Europe,54.6,39.7,37.8,0,43.8,0,0,0,0,18.4
East*Europe:East*Slavic:Russian*(Smolensk),Europe,54.78277778,32.04527778,34,0,44.6,0,0,0,0,21.4
East*Europe:East*Slavic:Russian*(Tver),Europe,56.8625,35.92416667,38.2,0,41.8,0,0,0,0,20
East*Europe:East*Slavic:Russian*(Voronez),Europe,51.67166667,39.21055556,34.4,0,45.2,0,0,0,0,20.4
East*Europe:East*Slavic:Russian*(Yaroslavl),Europe,57.61666667,39.85,38.6,0,41,0,0,0,0,20.4
East*Europe:East*Slavic:Ukrainian*(Chernihiv),Europe,51.49388889,31.29472222,34.2,0,45.4,0,0,0,0,20.4
East*Europe:East*Slavic:Ukrainian*(Dnipro),Europe,48.4675,35.04,35.2,0,45.4,0,0,0,0,19.4
East*Europe:East*Slavic:Ukrainian*(Donetsk),Europe,48.00277778,37.80527778,35,0,46,0,0,0,0,19
East*Europe:East*Slavic:Ukrainian*(Kharkiv),Europe,49.9925,36.23111111,32.6,0,47.2,0,0,0,0,20.2
East*Europe:East*Slavic:Ukrainian*(Kiev),Europe,50.45,30.52333333,36,0,45.8,0,0,0,0,18.2
East*Europe:East*Slavic:Ukrainian*(Rivne),Europe,50.61916667,26.25194444,34,0,45,0,0,0,0,21
East*Europe:East*Slavic:Ukrainian*(Sumy),Europe,50.91666667,34.75,33.6,0,46.4,0,0,0,0,20
East*Europe:East*Slavic:Ukrainian*(Volyn),Europe,50.745,25.35361111,34.4,0,45.4,0,0,0,0,20.2
East*Europe:East*Slavic:Ukrainian*(Zhytomyr),Europe,50.25,28.66666667,34,0,46,0,0,0,0,20
East*Europe:East*Slavic:Ukrainian*(Zhytomyr),Europe,50.25,28.66666667,34,0,46.4,0,0,0,0,19.6
East*Siberia:Chukotko-Kamchatkan:Chukchi,East Asia,68.6436,170.045,24.2,0,0,0,75.8,0,0,0
East*Siberia:Chukotko-Kamchatkan:Itelmen,East Asia,56.046173,156.30704,22.2,0,0,0,77.8,0,0,0
East*Siberia:Chukotko-Kamchatkan:Koryak,East Asia,63.8977,166.695,20,0,0,0,80,0,0,0
East*Siberia:Even:Even,East Asia,70.6687,130.914,7.2,0,0,0,92.8,0,0,0
East*Siberia:Evenk:Evenk,East Asia,61.97,94.69,8.4,0,0,0,91.6,0,0,0
East*Siberia:Evenk:Evenk*(Zabaykalsky),East Asia,49.90888889,117.275,11.4,0,0,0,88.6,0,0,0
East*Siberia:Nganasan:Nganasan,East Asia,73.1354,86.2106,15.8,0,0,0,84.2,0,0,0
East*Siberia:Yukaghir:Yukaghir*(Tundra),East Asia,70.498,157.853,13.8,0,0,0,86.2,0,0,0
European*Jew:Ashkenazi*Jew:Ashkenazi*Jew*(Belarus),Europe,53.9,27.56666667,25.8,0,72.6,1.6,0,0,0,0
European*Jew:Ashkenazi*Jew:Ashkenazi*Jew*(Germany),Europe,52.52,13.405,22.2,0,75.2,2.6,0,0,0,0
European*Jew:Ashkenazi*Jew:Ashkenazi*Jew*(Lithuania),Europe,54.68722222,25.28,25.8,0,72.2,2,0,0,0,0
European*Jew:Ashkenazi*Jew:Ashkenazi*Jew*(Poland),Europe,52.23,21.01111111,24.6,0,73.2,2.2,0,0,0,0
European*Jew:Ashkenazi*Jew:Ashkenazi*Jew*(Russia),Europe,55.75583333,37.61722222,26.2,0,72,1.8,0,0,0,0
European*Jew:Ashkenazi*Jew:Ashkenazi*Jew*(Ukraine),Europe,46.48555556,30.74333333,25.2,0,72.6,2.2,0,0,0,0
European*Jew:Sephardic*Jew:Sephardic*Jew,Europe,52.36666667,4.9,19.4,0,76.8,3.8,0,0,0,0
European*Jew:Sephardic*Jew:Sephardic*Jew*(Bulgaria),Europe,42.7,23.33333333,19.6,0,76.2,4.2,0,0,0,0
European*Jew:Sephardic*Jew:Sephardic*Jew*(Greece),Europe,40.64027778,22.93472222,18.8,0,76.6,4.6,0,0,0,0
European*Jew:Sephardic*Jew:Sephardic*Jew*(Turkey),Europe,41.01361111,28.955,19.8,0,76.6,3.6,0,0,0,0
Horn*of*Africa:Beja:Beja*(Beni-Amer),Africa,17.2436,36.6666,0,2,49.8,47.6,0.6,0,0,0
Horn*of*Africa:Beja:Beja*(Hadendowa),Africa,15.45,36.4,0,0,46.8,52.6,0.6,0,0,0
Horn*of*Africa:Eritrean:Eritrean,Africa,15.32277778,38.925,0,0,46.8,52.2,1,0,0,0
Horn*of*Africa:Ethiopian:Afar*(Ethiopia),Africa,12.2281,41.8083,0,1.2,43.6,54.6,0.6,0,0,0
Horn*of*Africa:Ethiopian:Agaw*(Ethiopia),Africa,12.4479,38.8352,0,0,44,55.6,0.4,0,0,0
Horn*of*Africa:Ethiopian:Amhara*(Ethiopia),Africa,11.708182,39.543456,0,0.2,44,55.6,0.2,0,0,0
Horn*of*Africa:Ethiopian:Oromo*(Ethiopia),Africa,9.03,38.74,0,0,36.4,63.4,0.2,0,0,0
Horn*of*Africa:Somali:Somali*(Ethiopia),Africa,9.35,42.8,0,0,31.8,68.2,0,0,0,0
Horn*of*Africa:Somali:Somali*(Kenya),Africa,1,40.25,0,0,30.8,69.2,0,0,0,0
Horn*of*Africa:Somali:Somali*(Somalia),Africa,4.778704,45.152856,0,0,33.4,66.6,0,0,0,0
Italian*Peninsula*and*Sicily:Central*Italy:Italian*(Lazio),Europe,41.9,12.71666667,22,0,74.6,0,0,0,0,3.4
Italian*Peninsula*and*Sicily:Central*Italy:Italian*(Marche),Europe,43.61694444,13.51666667,23.4,0,73.2,0,0,0,0,3.4
Italian*Peninsula*and*Sicily:Central*Italy:Italian*(Tuscany),Europe,43.77138889,11.25416667,23,0,71.6,0,0,0,0,5.4
Italian*Peninsula*and*Sicily:Central*Italy:Italian*(Umbria),Europe,43.11222222,12.38888889,23.6,0,73.2,0,0,0,0,3.2
Italian*Peninsula*and*Sicily:North*Italy:Italian*(Carloforte),Europe,39.15,8.3,20.4,0,71.6,0,0,0,0,8
Italian*Peninsula*and*Sicily:North*Italy:Italian*(Friuli*Venezia*Giulia),Europe,45.65027778,13.77027778,24,0,65.4,0,0,0,0,10.6
Italian*Peninsula*and*Sicily:North*Italy:Italian*(Friuli*Venezia*Giulia*Sauris),Europe,46.46666667,12.71666667,23.6,0,64.6,0,0,0,0,11.8
Italian*Peninsula*and*Sicily:North*Italy:Italian*(Friuli*Venezia*Giulia*Timau),Europe,46.53333333,13.01666667,25,0,63.4,0,0,0,0,11.6
Italian*Peninsula*and*Sicily:North*Italy:Italian*(Liguria),Europe,44.41111111,8.932777778,22.8,0,68.6,0,0,0,0,8.6
Italian*Peninsula*and*Sicily:North*Italy:Italian*(Lombardy),Europe,45.58333333,9.916666667,21.4,0,70,0,0,0,0,8.6
Italian*Peninsula*and*Sicily:North*Italy:Italian*(Lombardy*Bergamo),Europe,45.695,9.67,20.8,0,69.4,0,0,0,0,9.8
Italian*Peninsula*and*Sicily:North*Italy:Italian*(Piedmont*Val*Borbera),Europe,44.7,8.883333333,23,0,69.8,0,0,0,0,7.2
Italian*Peninsula*and*Sicily:North*Italy:Italian*(Trentino*Alto*Adige),Europe,46.06666667,11.11666667,21.8,0,66.8,0,0,0,0,11.4
Italian*Peninsula*and*Sicily:North*Italy:Italian*(Veneto),Europe,45.73333333,11.85,22.2,0,67.4,0,0,0,0,10.4
Italian*Peninsula*and*Sicily:North*Italy:Italian*(Veneto*Lessinia),Europe,45.61666667,11.03333333,23.6,0,64,0,0,0,0,12.4
Italian*Peninsula*and*Sicily:South*Italy:Italian*(Abruzzo),Europe,42.35,13.4,24.2,0,74.8,0,0,0,0,1
Italian*Peninsula*and*Sicily:South*Italy:Italian*(Apulia),Europe,41,16,24.4,0,75.6,0,0,0,0,0
Italian*Peninsula*and*Sicily:South*Italy:Italian*(Basilicata),Europe,40.63333333,15.8,23.6,0,75.8,0.6,0,0,0,0
Italian*Peninsula*and*Sicily:South*Italy:Italian*(Calabria),Europe,38.9,16.6,22.2,0,76.2,1.6,0,0,0,0
Italian*Peninsula*and*Sicily:South*Italy:Italian*(Campania),Europe,40.91055556,14.92055556,22.8,0,76.4,0.8,0,0,0,0
Italian*Peninsula*and*Sicily:South*Italy:Italian*(Campania*Naples),Europe,40.83333333,14.25,22.8,0,76.2,1,0,0,0,0
Italian*Peninsula*and*Sicily:South*Italy:Italian*(Molise),Europe,41.69972222,14.61111111,24.6,0,74.6,0,0,0,0,0.8
Italian*Peninsula*and*Sicily:South*Italy:Sicilian*(Agrigento),Europe,37.31666667,13.58333333,22,0,76,2,0,0,0,0
Italian*Peninsula*and*Sicily:South*Italy:Sicilian*(Central),Europe,37.58333333,14.16666667,22.4,0,75.4,2.2,0,0,0,0
Italian*Peninsula*and*Sicily:South*Italy:Sicilian*(East),Europe,37.5,15.09027778,21.8,0,75.8,1.8,0,0,0,0.6
Italian*Peninsula*and*Sicily:South*Italy:Sicilian*(Syracuse),Europe,37.06916667,15.2875,22.8,0,75,1.8,0,0,0,0.4
Italian*Peninsula*and*Sicily:South*Italy:Sicilian*(Trapani),Europe,38.0175,12.515,21.8,0,73.2,2.2,0,0,0,2.8
Italian*Peninsula*and*Sicily:South*Italy:Sicilian*(West),Europe,37.79805556,12.43416667,22.6,0,75.6,1.8,0,0,0,0
North*Africa:Egypt:Copt,Middle East,29.472,31.2053,5,1.2,77.2,15.4,1.2,0,0,0
North*Africa:Egypt:Egyptian,Middle East,31,31,8.4,1.8,69.2,20.6,0,0,0,0
North*Africa:Egypt:Egyptian*(Cairo),Middle East,30.03333333,31.23333333,9.4,0.8,68.6,21.2,0,0,0,0
North*Africa:Egypt:Egyptian*(Kafar*Sheikh),Middle East,31.11166667,30.94583333,8.4,3.6,69,19,0,0,0,0
North*Africa:Egypt:Egyptian*(Mansoura),Middle East,31.04027778,31.38277778,8.6,0.6,69.6,20,1.2,0,0,0
North*Africa:Egypt:Egyptian*(Tanta),Middle East,30.78333333,31,8.6,1.8,71.2,18.4,0,0,0,0
North*Africa:Maghreb:Algerian,Middle East,35.4208,3.23033,8.2,0.6,67.6,23.4,0,0,0,0.2
North*Africa:Maghreb:Algerian*(Algiers),Middle East,36.75388889,3.058888889,7.8,0.2,66,26,0,0,0,0
North*Africa:Maghreb:Algerian*Berber*(Kabyle),Middle East,36.4103,4.76137,7.8,1.2,69.2,20.6,0,0,0,1.2
North*Africa:Maghreb:Algerian*Berber*(Mozabite),Middle East,32.5014,3.85035,5.4,0.6,66,27.4,0,0,0,0.6
North*Africa:Maghreb:Algerian*Berber*(Shawiya),Middle East,35.1867,6.88901,7,0,71,21.8,0,0,0,0.2
North*Africa:Maghreb:Algerian*Berber*(Timimoun),Middle East,29.26277778,-0.2388888889,5.6,0.8,61.8,31.8,0,0,0,0
North*Africa:Maghreb:Libyan,Middle East,32.86666667,13.18333333,7.4,1,67.8,23.4,0.4,0,0,0
North*Africa:Maghreb:Moroccan,Middle East,32.5,-7.5,7.2,1,65.6,26,0,0,0,0.2
North*Africa:Maghreb:Moroccan*(Casablanca),Middle East,33.53333333,-7.583333333,5.4,1.4,62.8,30.4,0,0,0,0
North*Africa:Maghreb:Moroccan*(Chefchaouen),Middle East,35.17138889,-5.269722222,6.4,1.2,66.8,21.6,0,0,0,4
North*Africa:Maghreb:Moroccan*(Errachidia),Middle East,31.93194444,-4.424444444,4.2,0.6,65.8,27.6,0,0,0,1.8
North*Africa:Maghreb:Moroccan*(Fassi),Middle East,33.93138889,-4.677222222,15.6,0,69.6,14.8,0,0,0,0
North*Africa:Maghreb:Moroccan*(Jebala),Middle East,34.8,-5.583333333,7.8,0,67.8,18.2,0.6,0,0,5.6
North*Africa:Maghreb:Moroccan*(Ouarzazate),Middle East,30.91666667,-6.916666667,3.2,1,64.2,30.8,0,0,0,0.8
North*Africa:Maghreb:Moroccan*(Oujda),Middle East,34.68916667,-1.911388889,7.4,1.4,68.6,22.6,0,0,0,0
North*Africa:Maghreb:Moroccan*Berber*(Central*Atlas*Tamazight),Middle East,32.68,-4.73,5.6,0.2,67.6,25.4,0,0,0,1.2
North*Africa:Maghreb:Moroccan*Berber*(Eastern*Middle*Atlas*Tamazight),Middle East,34.03333333,-5,7.4,0,68.8,22,0,0,0,1.8
North*Africa:Maghreb:Moroccan*Berber*(Errachidia),Middle East,31.93194444,-4.424444444,4.2,1,64.2,30,0,0,0,0.6
North*Africa:Maghreb:Moroccan*Berber*(Ghomara),Middle East,34.7979,-4.6696,5.6,1,69.6,21,0,0,0,2.8
North*Africa:Maghreb:Moroccan*Berber*(Riffian),Middle East,34.9167,-2.3167,7.4,0.4,68.8,21.4,0,0,0,2
North*Africa:Maghreb:Moroccan*Berber*(Senhaja*de*Srair),Middle East,34.9992,-4.51293,6.6,0,69.4,21.2,0,0,0,2.8
North*Africa:Maghreb:Moroccan*Berber*(Shilha),Middle East,29.7854,-7.77879,1.2,2.6,67.6,27.2,0,0,0,1.4
North*Africa:Maghreb:Moroccan*Berber*(Tiznit),Middle East,29.71666667,-9.716666667,1,2.2,67.6,28,0,0,0,1.2
North*Africa:Maghreb:Saharawi,Middle East,25,-13,1.8,2.2,65.8,30.2,0,0,0,0
North*Africa:Maghreb:Tunisian*(Bizerte),Middle East,37.27777778,9.863888889,13,0.6,66,19.8,0,0,0,0.6
North*Africa:Maghreb:Tunisian*(Jendouba),Middle East,36.5,8.783333333,6.2,0.4,61.8,31.6,0,0,0,0
North*Africa:Maghreb:Tunisian*(Tunis,Middle East,36.80638889,10.18166667,7.2,1.6,66.2,25,0,0,0,0
North*Africa:Maghreb:Tunisian*Berber*(Chenini),Middle East,32.91027778,10.26222222,6.4,1.2,70.4,22,0,0,0,0
North*Africa:Maghreb:Tunisian*Berber*(Matmata),Middle East,33.5425,9.966666667,6.6,1.8,70.4,21.2,0,0,0,0
North*Africa:Maghreb:Tunisian*Berber*(Sened),Middle East,34.46666667,9.266666667,6.2,2,68.2,23.6,0,0,0,0
North*Africa:Maghreb:Tunisian*Berber*(Tamezret),Middle East,33.53833333,9.865277778,5.4,2.4,69.6,22.6,0,0,0,0
North*Africa:Maghreb:Tunisian*Berber*(Zraoua),Middle East,33.57388889,9.823888889,6.6,1.6,69.8,22,0,0,0,0
Northwest*Europe:Belgium:Belgian,Europe,50.83333333,4,27.4,0,56.4,0,0,0,0,16.2
Northwest*Europe:British*Isles:Cornish,Europe,50.5233,-4.18619,28.6,0,52.2,0,0,0,0,19.2
Northwest*Europe:British*Isles:English,Europe,53,-1,29.2,0,51.8,0,0,0,0,19
Northwest*Europe:British*Isles:Irish,Europe,53.2186,-7.61509,31,0,50,0,0,0,0,19
Northwest*Europe:British*Isles:Scottish,Europe,56.7574,-5.24366,30.6,0,50.6,0,0,0,0,18.8
Northwest*Europe:British*Isles:Welsh,Europe,52,-4,29,0,52,0,0,0,0,19
Northwest*Europe:Brittany:Breton,Europe,48.2452,-3.78934,28.2,0,53.4,0,0,0,0,18.4
Northwest*Europe:French*(Oïl):French*(Grand*Est*Ardennes),Europe,49.5,4.666666667,27,0,57.2,0,0,0,0,15.8
Northwest*Europe:French*(Oïl):French*(Hauts-de-France*Nord),Europe,50.38333333,3.316666667,26.4,0,57.8,0,0,0,0,15.8
Northwest*Europe:French*(Oïl):French*(Hauts-de-France*Pas-de-Calais),Europe,50.95,1.85,26.4,0,56.8,0,0,0,0,16.8
Northwest*Europe:French*(Oïl):French*(Hauts-de-France*Somme),Europe,49.88333333,2.416666667,26.4,0,55.8,0,0,0,0,17.8
Northwest*Europe:French*(Oïl):French*(Normandy*Calvados),Europe,49.03333333,0.25,25.8,0,56.6,0,0,0,0,17.6
Northwest*Europe:French*(Oïl):French*(Normandy*Eure),Europe,49.08333333,1,28,0,56.4,0,0,0,0,15.6
Northwest*Europe:French*(Oïl):French*(Normandy*Manche),Europe,49.05,1.25,26.8,0,55,0,0,0,0,18.2
Northwest*Europe:French*(Oïl):French*(Normandy*Seine-Maritime),Europe,49.66666667,0.8333333333,29,0,53.2,0,0,0,0,17.8
Northwest*Europe:French*(Oïl):French*(Pays*de*la*Loire*Maine-et-Loire),Europe,47.45,-0.6,26.2,0,55.2,0,0,0,0,18.6
Northwest*Europe:Netherlands:Dutch,Europe,52,5,30,0,51.4,0,0,0,0,18.6
Northwest*Europe:Scandinavia:Danish,Europe,54.8655,9.36284,30.6,0,49,0,0,0,0,20.4
Northwest*Europe:Scandinavia:Norwegian,Europe,59.92,10.71,31.6,0,48,0,0,0,0,20.4
Northwest*Europe:Scandinavia:Norwegian*(Bergen),Europe,60.38944444,5.33,32.4,0,47.6,0,0,0,0,20
Northwest*Europe:Scandinavia:Swedish,Europe,59.800634,17.389526,32.4,0,46.2,0,0,0,0,21.4
Oceanian:Australasia:Australian,Oceania,-26.9704,131.357,0,100,0,0,0,0,0,0
Oceanian:Australasia:Baining,Oceania,-4.46941,151.98,0,100,0,0,0,0,0,0
Oceanian:Melanesia:Ni-Vanuatu,Oceania,-17.73333333,168.3166667,0,100,0,0,0,0,0,0
Oceanian:Polynesia:Papuan*(Coastal),Oceania,-9.478888889,147.1494444,0,100,0,0,0,0,0,0
Oceanian:Polynesia:Papuan*(Highland),Oceania,-4.0975,138.9511111,0,100,0,0,0,0,0,0
Oceanian:Polynesia:Tahitian,Oceania,-17.6485,-149.45,0,45,0,0,55,0,0,0
Oceanian:Polynesia:Tongan,Oceania,-21.17,-175.25,0,55.4,0,0,44.6,0,0,0
Roma:Balkan*Roma:Roma*(Bosnia*and*Herzegovina),Europe,44.87722222,18.81111111,32.6,15,52.4,0,0,0,0,0
Roma:Balkan*Roma:Roma*(Turkey*Balkans),Europe,42.67,21.17,28.8,18.6,52.6,0,0,0,0,0
Roma:Iberian*Roma:Roma*(Portugal*Porto),Europe,41.16194444,-8.621944444,31.2,14,54.4,0.4,0,0,0,0
Roma:Iberian*Roma:Roma*(Spain*Bilbao),Europe,43.25694444,-2.923611111,31,14.4,54.6,0,0,0,0,0
Roma:Iberian*Roma:Roma*(Spain*Granada),Europe,37.17805556,-3.600833333,29.8,15.2,54,1,0,0,0,0
Roma:Iberian*Roma:Roma*(Spain*Madrid),Europe,40.41666667,-3.7025,31.2,13.6,55,0,0,0,0.2,0
Saami:Saami:Saami*(Finland),Europe,69.4229,27.8658,43.8,0,23.8,0,14,0,0,18.4
Saami:Saami:Saami*(Kola),Europe,68.2158,35.8348,43.2,0,26.2,0,10.4,0,0,20.2
Saami:Saami:Saami*(Norway),Europe,69.222267,20.615579,44.4,0,19,0,17.6,0,0,19
Saami:Saami:Saami*(Sweden),Europe,67.2759,17.8057,45.2,0,19.6,0,17.2,0,0,18
Sardinia:Sardinian:Sardinian,Europe,40,9,3.2,0,83.2,0,0,0,0,13.6
Sardinia:Sardinian:Sardinian*(Benetutti),Europe,40.45,9.166666667,5,0,82.8,0,0,0,0,12.2
Sardinia:Sardinian:Sardinian*(North),Europe,41,9.3,3.6,0,83,0,0,0,0,13.4
Sardinia:Sardinian:Sardinian*(Sulcis-Iglesiente),Europe,39.11611111,8.7,6.8,0,82.8,0,0,0,0,10.4
South*Asia:Andaman*Islands:Jarawa,Central/South Asia,11.6089,92.658,0.6,99.4,0,0,0,0,0,0
South*Asia:Andaman*Islands:Onge,Central/South Asia,10.6926,92.4707,0.2,99.8,0,0,0,0,0,0
South*Asia:Indian*Subcontinent:Awadhi*Muslim,Central/South Asia,27.5907,82.4663,39,34.2,26.8,0,0,0,0,0
South*Asia:Indian*Subcontinent:Balti,Central/South Asia,34.4491,77.2859,33.8,39.4,19.6,0,7.2,0,0,0
South*Asia:Indian*Subcontinent:Bania*(Gupta),Central/South Asia,26.6,73.8,35.8,48.6,15.6,0,0,0,0,0
South*Asia:Indian*Subcontinent:Bengali*(Bangladesh),Central/South Asia,24,90,28.4,59.6,12,0,0,0,0,0
South*Asia:Indian*Subcontinent:Bengali*(Southeast*Bangladesh),Central/South Asia,22.3185,92.5073,29.8,57.6,12.6,0,0,0,0,0
South*Asia:Indian*Subcontinent:Bengali*(Sylhet),Central/South Asia,24.9,91.86666667,30.4,56,13.6,0,0,0,0,0
South*Asia:Indian*Subcontinent:Bhumij,Central/South Asia,22.552,85.804,10.2,89.8,0,0,0,0,0,0
South*Asia:Indian*Subcontinent:Birhor,Central/South Asia,23.585,85.5611,6.2,93.8,0,0,0,0,0,0
South*Asia:Indian*Subcontinent:Bonda,Central/South Asia,18.35,81.9,0,100,0,0,0,0,0,0
South*Asia:Indian*Subcontinent:Brahmin*(Andhra*Pradesh),Central/South Asia,14.90277778,79.09,39,41.4,19.6,0,0,0,0,0
South*Asia:Indian*Subcontinent:Brahmin*(Bihar*Bhumihar),Central/South Asia,25.4,85.1,43.8,32.6,23.6,0,0,0,0,0
South*Asia:Indian*Subcontinent:Brahmin*(Gujarat),Central/South Asia,23.22,72.655,45.4,30.6,24,0,0,0,0,0
South*Asia:Indian*Subcontinent:Brahmin*(Himachal*Pradesh),Central/South Asia,31.10333333,77.17222222,44.4,31.8,23.8,0,0,0,0,0
South*Asia:Indian*Subcontinent:Brahmin*(Jammu),Central/South Asia,32.73333333,74.86666667,46,29.8,24.2,0,0,0,0,0
South*Asia:Indian*Subcontinent:Brahmin*(Karnataka*Kannadi),Central/South Asia,13.5878,76.1198,39,39,22,0,0,0,0,0
South*Asia:Indian*Subcontinent:Brahmin*(Kerala*Kurichiya),Central/South Asia,11.86888889,75.35555556,22.8,68.4,8.8,0,0,0,0,0
South*Asia:Indian*Subcontinent:Brahmin*(Madhesi),Central/South Asia,27.48138889,83.27583333,44.4,35.8,19.8,0,0,0,0,0
South*Asia:Indian*Subcontinent:Brahmin*(Potohar),Central/South Asia,32.96666667,72.25,46.4,28.2,25.4,0,0,0,0,0
South*Asia:Indian*Subcontinent:Brahmin*(Tamil*Nadu),Central/South Asia,13.0825,80.27055556,40,39.4,20.6,0,0,0,0,0
South*Asia:Indian*Subcontinent:Brahmin*(Tamil*Nadu*Iyer),Central/South Asia,11.52888889,78.75083333,39.4,40.2,20.4,0,0,0,0,0
South*Asia:Indian*Subcontinent:Brahmin*(Telugu),Central/South Asia,16.4529,78.7024,39.8,36.8,23.4,0,0,0,0,0
South*Asia:Indian*Subcontinent:Brahmin*(Uttar*Pradesh),Central/South Asia,26.85,80.91666667,43,36.4,20.6,0,0,0,0,0
South*Asia:Indian*Subcontinent:Brahmin*(West*Bengal),Central/South Asia,22.56666667,88.36666667,40.2,40,19.8,0,0,0,0,0
South*Asia:Indian*Subcontinent:Brahmin*Khas*(Nepal),Central/South Asia,28,85,43.6,33.2,23.2,0,0,0,0,0
South*Asia:Indian*Subcontinent:Brahmin*Malayalam*(Nambudiri),Central/South Asia,10,76,41.8,38,20.2,0,0,0,0,0
South*Asia:Indian*Subcontinent:Chamar,Central/South Asia,21.3532,79.6232,32.4,55.8,11.8,0,0,0,0,0
South*Asia:Indian*Subcontinent:Chenchu,Central/South Asia,15.8787,79.2534,27,61.2,11.8,0,0,0,0,0
South*Asia:Indian*Subcontinent:Chhattisgarhi,Central/South Asia,20.3601,82.0483,31.8,55,13.2,0,0,0,0,0
South*Asia:Indian*Subcontinent:Cochin*Jew,Central/South Asia,9.966666667,76.28333333,32,40.8,27.2,0,0,0,0,0
South*Asia:Indian*Subcontinent:Dakhni*Muslim*(Hyderabad),Central/South Asia,17.36166667,78.47472222,33.4,44.8,21.6,0.2,0,0,0,0
South*Asia:Indian*Subcontinent:Dalit*(Tamil*Nadu),Central/South Asia,10.78694444,79.13777778,27,63.2,9.8,0,0,0,0,0
South*Asia:Indian*Subcontinent:Dharkar,Central/South Asia,26.6,83.19,34.8,48.8,16.4,0,0,0,0,0
South*Asia:Indian*Subcontinent:Dusadh,Central/South Asia,23.35,85.33333333,33.2,54.2,12.6,0,0,0,0,0
South*Asia:Indian*Subcontinent:Gond,Central/South Asia,18.1632,81.3842,13.8,83,3.2,0,0,0,0,0
South*Asia:Indian*Subcontinent:Gujar*(India),Central/South Asia,27.54972222,76.63555556,45.6,28.6,25.8,0,0,0,0,0
South*Asia:Indian*Subcontinent:Gujar*(Pakistan),Central/South Asia,32.15666667,74.19,48,24,28,0,0,0,0,0
South*Asia:Indian*Subcontinent:Gujarati,Central/South Asia,22.687,71.0962,40.6,40.8,18.6,0,0,0,0,0
South*Asia:Indian*Subcontinent:Gujarati*(Patel),Central/South Asia,23.01666667,73.06666667,39.6,42.4,18,0,0,0,0,0
South*Asia:Indian*Subcontinent:Gujarati*Muslim*(Ismaili),Central/South Asia,23.915,70.36694444,50,19.4,30,0.6,0,0,0,0
South*Asia:Indian*Subcontinent:Gujarati*Muslim*(Sunni),Central/South Asia,22.3,70.78333333,38.6,30,31,0.4,0,0,0,0
South*Asia:Indian*Subcontinent:Ho,Central/South Asia,23.9596,87.1188,5.4,94.6,0,0,0,0,0,0
South*Asia:Indian*Subcontinent:Irula,Central/South Asia,12.70645,79.95209,22,69.2,8.8,0,0,0,0,0
South*Asia:Indian*Subcontinent:Jatt*(Haryana),Central/South Asia,30.73333333,76.78333333,51.8,19,29.2,0,0,0,0,0
South*Asia:Indian*Subcontinent:Juang,Central/South Asia,21.2606,85.5845,0,100,0,0,0,0,0,0
South*Asia:Indian*Subcontinent:Kadar,Central/South Asia,11.0602,76.7285,18.4,76.2,5.4,0,0,0,0,0
South*Asia:Indian*Subcontinent:Kamboj,Central/South Asia,29.96388889,77.54611111,46.6,21,32.4,0,0,0,0,0
South*Asia:Indian*Subcontinent:Kanjar,Central/South Asia,25.6999,74.7355,39.4,45,15.6,0,0,0,0,0
South*Asia:Indian*Subcontinent:Kapu,Central/South Asia,16.95,82.25,28.8,58.8,12.4,0,0,0,0,0
South*Asia:Indian*Subcontinent:Kashmiri,Central/South Asia,34.166825,74.330455,42.2,32.4,25.4,0,0,0,0,0
South*Asia:Indian*Subcontinent:Kashmiri*(Pakistan),Central/South Asia,33.84333333,73.85138889,45,28.6,26.4,0,0,0,0,0
South*Asia:Indian*Subcontinent:Kashmiri*(Pandit),Central/South Asia,34.03333333,74.66666667,46.4,26.8,26.8,0,0,0,0,0
South*Asia:Indian*Subcontinent:Khatri,Central/South Asia,30.91666667,75.85,47.8,22.4,29.8,0,0,0,0,0
South*Asia:Indian*Subcontinent:Kohistani,Central/South Asia,35.3389,73.0154,47,24.8,28.2,0,0,0,0,0
South*Asia:Indian*Subcontinent:Kol,Central/South Asia,23.03,85.85,36.6,46.8,16.6,0,0,0,0,0
South*Asia:Indian*Subcontinent:Konkani*(Christian),Central/South Asia,12.85611111,74.83638889,31.8,54.4,13.8,0,0,0,0,0
South*Asia:Indian*Subcontinent:Korwa,Central/South Asia,23.4102,83.8142,6.6,93.4,0,0,0,0,0,0
South*Asia:Indian*Subcontinent:Kurumba,Central/South Asia,11.3824,76.5256,30,55.4,14.6,0,0,0,0,0
South*Asia:Indian*Subcontinent:Madiga*(Andhra*Pradesh),Central/South Asia,16.30083333,80.44277778,26.6,63.6,9.8,0,0,0,0,0
South*Asia:Indian*Subcontinent:Mala*(Andhra*Pradesh),Central/South Asia,15.33333333,79.55,26.6,65.2,8.2,0,0,0,0,0
South*Asia:Indian*Subcontinent:Malayalam*Thiyya,Central/South Asia,12.01666667,75.28333333,30.4,51.2,18.4,0,0,0,0,0
South*Asia:Indian*Subcontinent:Malayan,Central/South Asia,10.15,76.73333333,17.8,76.8,5.4,0,0,0,0,0
South*Asia:Indian*Subcontinent:Maratha,Central/South Asia,17.9344,76.6665,31,55.8,13.2,0,0,0,0,0
South*Asia:Indian*Subcontinent:Mumbai*Jew,Central/South Asia,19.07611111,72.8775,31.2,31.2,37.6,0,0,0,0,0
South*Asia:Indian*Subcontinent:North*Kannadi,Central/South Asia,9.95,76.81666667,28.6,62.6,8.8,0,0,0,0,0
South*Asia:Indian*Subcontinent:Paniya,Central/South Asia,11.7318,76.0779,16.8,79.2,4,0,0,0,0,0
South*Asia:Indian*Subcontinent:Piramalai,Central/South Asia,11.23333333,78.88333333,32.4,54.2,13.4,0,0,0,0,0
South*Asia:Indian*Subcontinent:Pulliyar,Central/South Asia,9.983333333,76.28333333,18,74.2,7.8,0,0,0,0,0
South*Asia:Indian*Subcontinent:Punjabi*Arain*(India),Central/South Asia,31.63333333,74.86666667,48,23.8,28.2,0,0,0,0,0
South*Asia:Indian*Subcontinent:Punjabi*Arain*(Pakistan),Central/South Asia,28.26666667,69.35,45.2,25.8,29,0,0,0,0,0
South*Asia:Indian*Subcontinent:Punjabi*Christian*(India),Central/South Asia,31.91666667,75.25,32.6,54.8,12.6,0,0,0,0,0
South*Asia:Indian*Subcontinent:Punjabi*Gujar*(Pakistan),Central/South Asia,33.6,73.03333333,47.4,23.8,28.8,0,0,0,0,0
South*Asia:Indian*Subcontinent:Punjabi*Jatt,Central/South Asia,29.5534,71.906,49,22.8,28.2,0,0,0,0,0
South*Asia:Indian*Subcontinent:Punjabi*Muslim*(India),Central/South Asia,30.51666667,75.88333333,38.8,31.4,29.8,0,0,0,0,0
South*Asia:Indian*Subcontinent:Punjabi*Ramgarhia*Sikh,Central/South Asia,30.96638889,76.53305556,45.6,26.6,27.8,0,0,0,0,0
South*Asia:Indian*Subcontinent:Rajasthani*(Meghwal),Central/South Asia,21.82,75.61861111,41.4,38.8,19.8,0,0,0,0,0
South*Asia:Indian*Subcontinent:Rajput*(Himachal*Pradesh),Central/South Asia,32.08805556,76.25777778,27,59.4,13.6,0,0,0,0,0
South*Asia:Indian*Subcontinent:Rajput*(Rajasthan),Central/South Asia,26.6,73.8,40.4,37.2,22.4,0,0,0,0,0
South*Asia:Indian*Subcontinent:Rajput*(Uttar*Pradesh*Muslim),Central/South Asia,27.23333333,79.01666667,39.2,41.8,19,0,0,0,0,0
South*Asia:Indian*Subcontinent:Relli,Central/South Asia,18.1213,82.4996,25.6,62.2,12.2,0,0,0,0,0
South*Asia:Indian*Subcontinent:Ror,Central/South Asia,29.68611111,76.98888889,53.6,16.2,30.2,0,0,0,0,0
South*Asia:Indian*Subcontinent:Sakilli,Central/South Asia,11.66388889,78.14611111,28.4,60.2,11.4,0,0,0,0,0
South*Asia:Indian*Subcontinent:Santhal*(Bangladesh),Central/South Asia,25,89,10.2,88.6,1.2,0,0,0,0,0
South*Asia:Indian*Subcontinent:Santhal*(India),Central/South Asia,20.26666667,85.81666667,9.4,90.6,0,0,0,0,0,0
South*Asia:Indian*Subcontinent:Savara,Central/South Asia,19.1213,84.19,2.2,97.8,0,0,0,0,0,0
South*Asia:Indian*Subcontinent:Sindhi,Central/South Asia,26,69,45.2,24.4,30.4,0,0,0,0,0
South*Asia:Indian*Subcontinent:Sri*Lankan,Central/South Asia,7,81,31.6,53.6,14.8,0,0,0,0,0
South*Asia:Indian*Subcontinent:Tamil*(Sri*Lanka),Central/South Asia,9.2,80.41666667,31.8,54,14.2,0,0,0,0,0
South*Asia:Indian*Subcontinent:Telugu,Central/South Asia,16.4529,78.7024,33.6,51.4,15,0,0,0,0,0
South*Asia:Indian*Subcontinent:Velamas,Central/South Asia,19.38333333,85.06666667,34.4,49.4,16.2,0,0,0,0,0
South*Asia:Indian*Subcontinent:Vellalar,Central/South Asia,10.78333333,78.68333333,33.2,51,15.8,0,0,0,0,0
South*Asia:Indian*Subcontinent:Western*Uttar*Pradeshi*Jatt*Muslim,Central/South Asia,28.05,79.11666667,50.4,18.6,31,0,0,0,0,0
South*Asia:Indian*Subcontinent:Yadava,Central/South Asia,27.4925,77.67361111,31.4,54.8,13.8,0,0,0,0,0
South*Central*Asia:Pashtun:Pashtun*(Afghanistan),Central/South Asia,31.5,65.7,47.4,13.6,38.6,0.4,0,0,0,0
South*Central*Asia:Pashtun:Pashtun*(Kabul),Central/South Asia,34.52527778,69.17833333,46.8,16.4,36.8,0,0,0,0,0
South*Central*Asia:Pashtun:Pashtun*(Kandahar),Central/South Asia,31.62,65.71583333,47.4,12.8,39.6,0.2,0,0,0,0
South*Central*Asia:Pashtun:Pashtun*(North),Central/South Asia,34,71.33,46.2,15.8,38,0,0,0,0,0
South*Central*Asia:Pashtun:Pashtun*(Tarkalani),Central/South Asia,34.68333333,71.5,48,17.2,34.8,0,0,0,0,0
South*Central*Asia:Pashtun:Pashtun*(Yusufzai),Central/South Asia,34,71.31666667,47.6,18.6,33.8,0,0,0,0,0
South*Siberia:Altaian:Altai-Kizhi,Central/South Asia,50.91666667,86.91666667,23.4,0,6.6,0,70,0,0,0
South*Siberia:Altaian:Tubalar,Central/South Asia,51.78333333,87.25,37.8,0,10.6,0,51.6,0,0,0
South*Siberia:Khakass:Khakass,Central/South Asia,53.5,90,33.8,0,7.6,0,58.6,0,0,0
South*Siberia:Khakass:Khakass*(Koibals),Central/South Asia,52.99111111,90.35611111,29.4,0,5,0,65.6,0,0,0
South*Siberia:Shor:Shor,Central/South Asia,52.32607,88.4344,39.2,0,7.8,0,53,0,0,0
South*Siberia:Shor:Shor*(Mountain),Central/South Asia,52.83833333,87.93722222,40.4,0,8.2,0,51.4,0,0,0
South*Siberia:Teleut:Teleut,Central/South Asia,54.93333333,87.23333333,30.6,0,9.4,0,60,0,0,0
Southeast*Asia:Brunei:Dusun*(Brunei),Oceania,5.25,117,0,15.2,0,0,84.8,0,0,0
Southeast*Asia:Brunei:Murut*(Brunei),Oceania,4.583333333,115.1666667,0,13.4,0,0,86.6,0,0,0
Southeast*Asia:Burma:Burmese,East Asia,20.7926,93.9665,0,38.4,0.4,0,61.2,0,0,0
Southeast*Asia:Cambodia:Cambodian,East Asia,11.55,104.9166667,0,31.2,0,0,68.8,0,0,0
Southeast*Asia:China:Dai*(China),East Asia,22,100.8,0,7.4,0,0,92.6,0,0,0
Southeast*Asia:China:Gelao,East Asia,27.00861111,106.0322222,0,4.6,0,0,95.4,0,0,0
Southeast*Asia:China:Lahu*(China),East Asia,22.55611111,99.93194444,0,10.2,0,0,89.8,0,0,0
Southeast*Asia:China:Li*(China),East Asia,19.2,109.7,0,1.8,0,0,98.2,0,0,0
Southeast*Asia:China:Maonan*(China),East Asia,25.0169,108.024,0,0.8,0,0,99.2,0,0,0
Southeast*Asia:China:Mulam*(China),East Asia,24.8151,108.928,0,0,0,0,100,0,0,0
Southeast*Asia:China:Zhuang*(China),East Asia,23.6,108.3,0,0.6,0,0,99.4,0,0,0
Southeast*Asia:Indonesia:Anakalangu*(Indonesia),Oceania,-9.63425,119.605,0,63,0,0,37,0,0,0
Southeast*Asia:Indonesia:Bajo,Oceania,-5.535833333,123.7580556,0,51,0,0,49,0,0,0
Southeast*Asia:Indonesia:Balinese*(Indonesia),Oceania,-8.35714,115.075,0,40,0,0,60,0,0,0
Southeast*Asia:Indonesia:Javanese*(Indonesia),Oceania,-7.001,109.287,0,36.2,0,0,63.8,0,0,0
Southeast*Asia:Indonesia:Kambera*(Rindi),Oceania,-9.88447,120.235,0,62,0,0,38,0,0,0
Southeast*Asia:Indonesia:Lamaholot*(Bama),Oceania,-8.2836,124.3033,0,87.6,0,0,12.4,0,0,0
Southeast*Asia:Indonesia:Lamaholot*(Hadakewa),Oceania,-8.3698,123.5473,0,91.4,0,0,8.6,0,0,0
Southeast*Asia:Indonesia:Lebbo*(Indonesia),Oceania,1.05,116.3166667,0,27.8,0,0,72.2,0,0,0
Southeast*Asia:Indonesia:Mandar*(Indonesia),Oceania,-3.34717,119.068,0,32.4,0,0,67.6,0,0,0
Southeast*Asia:Indonesia:Mentawai*(Indonesia),Oceania,-1.41092,98.9401,0,16.4,0,0,83.6,0,0,0
Southeast*Asia:Indonesia:Ngadha*(Indonesia),Oceania,-8.79508,120.976,0,86.2,0,0,13.8,0,0,0
Southeast*Asia:Indonesia:Nias*(Indonesia),Oceania,0.90691,97.4961,0,15.6,0,0,84.4,0,0,0
Southeast*Asia:Indonesia:Rampasasa*(Manggarai),Oceania,-8.612777778,120.4625,0,67.6,0,0,32.4,0,0,0
Southeast*Asia:Indonesia:Tetum*(Kamanasa),Oceania,-9.535003546,124.9185898,0,90.6,0,0,9.4,0,0,0
Southeast*Asia:Indonesia:Tetum*(Umaklaran),Oceania,-9.088199064,124.9450339,0,86.2,0,0,13.8,0,0,0
Southeast*Asia:Indonesia:Tetum*(Umanenlawalu),Oceania,-9.583366475,124.9146133,0,86,0,0,14,0,0,0
Southeast*Asia:Indonesia:Toba*Batak*(Indonesia),Oceania,2.35498,99.1761,0,40.6,0,0,59.4,0,0,0
Southeast*Asia:Laos:Lao*(Laos),East Asia,19,102.46,0,25.2,0,0,74.8,0,0,0
Southeast*Asia:Laos:Mal*(Htin),East Asia,19.25,101.75,0,29.2,0,0,70.8,0,0,0
Southeast*Asia:Malaysia:Jehai,East Asia,5.63695,101.541,0,85.6,0,0,14.4,0,0,0
Southeast*Asia:Malaysia:Malay*(Malaysia),East Asia,3.08896,101.699,0,38,0,0,62,0,0,0
Southeast*Asia:Malaysia:Malay*(Singapore),East Asia,1.283333333,103.8333333,0,41,0,0,59,0,0,0
Southeast*Asia:Philippines:Aeta*(Philippines),Oceania,15.46666667,120.75,0,69.4,0,0,30.6,0,0,0
Southeast*Asia:Philippines:Agta*(Philippines),Oceania,13.93333333,121.6166667,0,70.8,0,0,29.2,0,0,0
Southeast*Asia:Philippines:Batak*(Philippines),Oceania,10.1115,119.025,0,59.2,0,0,40.8,0,0,0
Southeast*Asia:Philippines:Filipino*(Luzon),Oceania,16,121,0,16.8,0,0,83.2,0,0,0
Southeast*Asia:Philippines:Igorot*(Philippines),Oceania,17.33333333,120.95,0,0.6,0,0,99.4,0,0,0
Southeast*Asia:Philippines:Visayan*(Philippines),Oceania,11,123.5,0,25,0,0,75,0,0,0
Southeast*Asia:Taiwan:Ami*(Taiwan),East Asia,23.0917,121.348,0,0.4,0,0,99.6,0,0,0
Southeast*Asia:Taiwan:Atayal*(Taiwan),East Asia,24.5209,121.388,0,1.8,0,0,98.2,0,0,0
Southeast*Asia:Taiwan:Formosan*(Taiwan),East Asia,22.67527778,120.4913889,0,1,0,0,99,0,0,0
Southeast*Asia:Thailand:Karen*(Thailand),East Asia,18.0048,99.6382,0,22,0,0,78,0,0,0
Southeast*Asia:Thailand:Khmer*(Thailand),East Asia,14.4674,103.863,0,42.2,0,0,57.8,0,0,0
Southeast*Asia:Thailand:Kuy*(Thailand),East Asia,14.6698,104.911,0,39,0,0,61,0,0,0
Southeast*Asia:Thailand:Lawa*(Thailand),East Asia,19.8678,99.2057,0,22,0,0,78,0,0,0
Southeast*Asia:Thailand:Maniq*(Thailand),East Asia,5.97,101.3269444,0,88.2,0,0,11.8,0,0,0
Southeast*Asia:Thailand:Mlabri*(Thailand),East Asia,18.5533,101.163,0,34.4,0,0,65.6,0,0,0
Southeast*Asia:Thailand:Mon*(Thailand),East Asia,15.49394,98.122465,0,35.2,0,0,64.8,0,0,0
Southeast*Asia:Thailand:Nyah*Kur*(Thailand),East Asia,15.8909,101.515,0,44,0,0,56,0,0,0
Southeast*Asia:Thailand:Tai*Lue*(Thailand),East Asia,21.0321,101.282,0,5.8,0,0,94.2,0,0,0
Southeast*Asia:Thailand:Thai*(Thailand),East Asia,14.192,100.671,0,37.4,0,0,62.6,0,0,0
Southeast*Asia:Vietnam:Kinh*(Vietnam),East Asia,20.681188,105.774071,0,6.6,0,0,93.4,0,0,0
Southeast*Europe:Aegean*Sea:Greek*(Crete),Europe,35.20166667,24.90166667,23.8,0,75.4,0.8,0,0,0,0
Southeast*Europe:Aegean*Sea:Greek*(Fourni-Ikaria-Samos),Europe,37.75,26.83333333,23,0,76.8,0.2,0,0,0,0
Southeast*Europe:Aegean*Sea:Greek*(Fourni-Ikaria),Europe,37.56666667,26.5,23,0,76.6,0.4,0,0,0,0
Southeast*Europe:Aegean*Sea:Greek*(Kos),Europe,36.85,27.23333333,22.2,0,76.8,1,0,0,0,0
Southeast*Europe:Aegean*Sea:Greek*(Rhodes),Europe,36.16666667,27.93333333,21.6,0,77,1.4,0,0,0,0
Southeast*Europe:Albania:Albanian,Europe,41,20,24.8,0,70.8,0,0,0,0,4.4
Southeast*Europe:Balkan*Slav:Bosniak,Europe,43.859,17.046,29.8,0,57.6,0,0,0,0,12.6
Southeast*Europe:Balkan*Slav:Bosniak*(Croatia),Europe,45.81666667,15.98333333,29,0,57.4,0,0,0,0,13.6
Southeast*Europe:Balkan*Slav:Bulgarian,Europe,43.3646,25.047,28.2,0,63.6,0,0,0,0,8.2
Southeast*Europe:Balkan*Slav:Croat,Europe,45.555,15.982,29.8,0,55,0,0,0,0,15.2
Southeast*Europe:Balkan*Slav:Croat*(Bosnia),Europe,43.45,17.81666667,30,0,58.6,0,0,0,0,11.4
Southeast*Europe:Balkan*Slav:Montenegrin,Europe,42.5,19.3,28,0,60.6,0,0,0,0,11.4
Southeast*Europe:Balkan*Slav:North*Macedonian,Europe,42,21.43333333,26.4,0,66.4,0,0,0,0,7.2
Southeast*Europe:Balkan*Slav:Serb,Europe,44.3238,21.9192,28.4,0,60.6,0,0,0,0,11
Southeast*Europe:Balkan*Slav:Serb*(Bosnia),Europe,44.75,17.31666667,28.2,0,58,0,0,0,0,13.8
Southeast*Europe:Balkan*Slav:Serb*(Croatia),Europe,45.22861111,18.91666667,29.6,0,60.2,0,0,0,0,10.2
Southeast*Europe:Balkan*Turkish:Turkish*(Deliorman),Europe,43.5,26.75,33.8,0,60.2,0,1.8,0,0,4.2
Southeast*Europe:Balkan*Turkish:Turkish*(Rumeli),Europe,41,21.33333333,33.6,0,61.2,0,3.8,0,0,1.4
Southeast*Europe:Gagauz:Gagauz,Europe,44.59876,28.02769,29,0,64.6,0,0,0,0,6.4
Southeast*Europe:Mainland*Greece:Greek*(Central*Greece),Europe,38.7,22.7,26.6,0,72.2,0,0,0,0,1.2
Southeast*Europe:Mainland*Greece:Greek*(Central*Macedonia),Europe,40.7,23,25.8,0,70.2,0,0,0,0,4
Southeast*Europe:Mainland*Greece:Greek*(East*Macedonia*and*Thrace),Europe,41.2,25,26.6,0,68.8,0,0,0,0,4.6
Southeast*Europe:Mainland*Greece:Greek*(Eastern*Rumelia),Europe,42.15,24.75,27.2,0,69,0,0,0,0,3.8
Southeast*Europe:Mainland*Greece:Greek*(Epirus),Europe,39.6,20.8,25.6,0,70.2,0,0,0,0,4.2
Southeast*Europe:Mainland*Greece:Greek*(Heptanese*Corfu),Europe,39.58333333,19.86666667,24.6,0,71.6,0,0,0,0,3.8
Southeast*Europe:Mainland*Greece:Greek*(Peloponnese*Arcadia),Europe,37.58333333,22.25,25.2,0,72.6,0,0,0,0,2.2
Southeast*Europe:Mainland*Greece:Greek*(Peloponnese*Argolis),Europe,37.66666667,22.83333333,24,0,71.6,0,0,0,0,4.4
Southeast*Europe:Mainland*Greece:Greek*(Peloponnese*Elis),Europe,37.66666667,21.5,26,0,72,0,0,0,0.2,1.8
Southeast*Europe:Mainland*Greece:Greek*(Peloponnese*Laconia*Monemvasia*Municipality),Europe,36.68333333,23.05,24,0,74.6,0,0,0,0,1.4
Southeast*Europe:Mainland*Greece:Greek*(Peloponnese*Laconia*Sparta*Municipality),Europe,37.08194444,22.42361111,28,0,70.2,0,0,0,0,1.8
Southeast*Europe:Mainland*Greece:Greek*(Peloponnese*Messinia*Messini),Europe,37.05,22,23.8,0,73,0,0,0,0,3.2
Southeast*Europe:Mainland*Greece:Greek*(Thessaly),Europe,39.6,22.2,25.8,0,70.4,0,0,0,0,3.8
Southeast*Europe:Romania:Romanian,Europe,46.3913,24.2256,28.8,0,61.6,0,0,0,0,9.6
Southwest*Asia:Arabian*Peninsula:Emirati*(A),Middle East,24,54,12.2,4.8,74,9,0,0,0,0
Southwest*Asia:Arabian*Peninsula:Saudi,Middle East,24,45,7.4,4.4,77.4,10.8,0,0,0,0
Southwest*Asia:Arabian*Peninsula:Yemenite*(Al*Bayda),Middle East,13.97638889,45.57083333,7.6,4.4,75.4,12.6,0,0,0,0
Southwest*Asia:Arabian*Peninsula:Yemenite*(Al*Jawf),Middle East,16.78333333,45.51666667,5.8,5,78.2,11,0,0,0,0
Southwest*Asia:Arabian*Peninsula:Yemenite*(Dhamar),Middle East,14.56666667,44.40166667,7.4,3.2,76,13.4,0,0,0,0
Southwest*Asia:Arabian*Peninsula:Yemenite*(Mahra),Middle East,16.8,51.73333333,3.2,8,79,9.8,0,0,0,0
Southwest*Asia:Arabian*Peninsula:Yemenite*(Marib),Middle East,15.46055556,45.32611111,6.2,3.6,78.2,12,0,0,0,0
Southwest*Europe:Basque:Basque*(Araba),Europe,42.85194444,-2.767222222,17.6,0,61.2,0,0,0,0,21.2
Southwest*Europe:Basque:Basque*(Baztan),Europe,43.15,-1.516666667,15.2,0,62.6,0,0,0,0,22.2
Southwest*Europe:Basque:Basque*(Biscay),Europe,43.25,-2.983333333,15.8,0,62.6,0,0,0,0,21.6
Southwest*Europe:Basque:Basque*(France),Europe,43.25,0.8333333333,15.6,0,62.6,0,0,0,0,21.8
Southwest*Europe:Basque:Basque*(Gipuzkoa),Europe,43.16666667,-2.166666667,16.6,0,62.4,0,0,0,0,21
Southwest*Europe:Basque:Basque*(Lower*Navarre),Europe,43.16666667,-1.233333333,16.2,0,62.6,0,0,0,0,21.2
Southwest*Europe:Basque:Basque*(Navarre*Center),Europe,42.75472222,-1.633333333,17,0,63.6,0,0,0,0,19.4
Southwest*Europe:Basque:Basque*(Navarre*North),Europe,43.28055556,-1.681944444,15,0,63,0,0,0,0,22
Southwest*Europe:Basque:Basque*(Roncal),Europe,42.83277778,-0.8877777778,16.4,0,62.2,0,0,0,0,21.4
Southwest*Europe:Basque:Basque*(Soule),Europe,43.23333333,-0.8833333333,14.4,0,64.2,0,0,0,0,21.4
Southwest*Europe:Basque:Basque*(Spain),Europe,42.83333333,-2.683333333,15,0,63,0,0,0,0,22
Southwest*Europe:French*(Occitan):French*(Auvergne-Rhone-Alpes*Haute-Loire),Europe,45,4,21.4,0,62.8,0,0,0,0,15.8
Southwest*Europe:French*(Occitan):French*(Nouvelle-Aquitaine*Haute-Vienne),Europe,45.83333333,1.266666667,20.2,0,62.2,0,0,0,0,17.6
Southwest*Europe:French*(Occitan):French*(Nouvelle-Aquitaine*Landes*Chalosse),Europe,43.69333333,-0.73,17.6,0,62.6,0,0,0,0,19.8
Southwest*Europe:French*(Occitan):French*(Nouvelle-Aquitaine*Landes*Chalosse*Dax),Europe,43.71666667,-1.05,18,0,62.6,0,0,0,0,19.4
Southwest*Europe:French*(Occitan):French*(Nouvelle*Aquitaine*Pyrenees-Atlantiques*Bearn),Europe,43.25,0.8333333333,17.4,0,63,0,0,0,0,19.6
Southwest*Europe:French*(Occitan):French*(Occitanie*Gard),Europe,44.12805556,4.081666667,20.4,0,65,0,0,0,0,14.6
Southwest*Europe:French*(Occitan):French*(Occitanie*Haute-Garonne),Europe,43.41666667,1.5,20,0,63.8,0,0,0,0,16.2
Southwest*Europe:French*(Occitan):French*(Occitanie*Hautes-Pyrenees*Bigorre),Europe,43.065,0.1505555556,17.2,0,64.6,0,0,0,0,18.2
Southwest*Europe:French*(Occitan):French*(Occitanie*Hautes-Pyrenees*Bigorre*Lourdes),Europe,43.1,-0.05,17.8,0,63.2,0,0,0,0,19
Southwest*Europe:French*(Occitan):French*(Occitanie*Lozere),Europe,44.33333333,3.6,22.2,0,61.6,0,0,0,0,16.2
Southwest*Europe:French*(Occitan):French*(Provence-Alpes-Cote*d'Azur),Europe,44,6,23.6,0,63.6,0,0,0,0,12.8
Southwest*Europe:French*(Occitan):French*(Provence-Alpes-Cote*d'Azur*Bouches-du-Rhone),Europe,43.5,5.083333333,22,0,65,0,0,0,0,13
Southwest*Europe:French*(Occitan):French*(Provence-Alpes-Cote*d'Azur*Bouches-du-Rhone*Marseille),Europe,43.29638889,5.37,23.6,0,64.2,0,0,0,0,12.2
Southwest*Europe:Portuguese:Portuguese,Europe,39.91,-8.1,20.2,0,64.8,1.2,0,0,0,13.8
Southwest*Europe:Spanish:Andalusian*(Andalusia),Europe,37.38333333,-5.983333333,19.4,0,65.6,0.6,0,0,0,14.4
Southwest*Europe:Spanish:Aragonese*(Aragon),Europe,41,-1,19,0,65.4,0,0,0,0,15.6
Southwest*Europe:Spanish:Aragonese*(Aragon*North),Europe,42.16666667,-0.1666666667,18,0,63.6,0,0,0,0,18.4
Southwest*Europe:Spanish:Asturian*(Asturias),Europe,43.33333333,-6,18.8,0,64.8,0.4,0,0,0,16
Southwest*Europe:Spanish:Cantabrian*(Cantabria),Europe,43.33333333,-4,19.2,0,64.8,0,0,0,0,16
Southwest*Europe:Spanish:Castilian*(Castile*and*Leon),Europe,41.645,-4.7425,20.2,0,64.4,0.8,0,0,0,14.6
Southwest*Europe:Spanish:Castilian*(Castile*and*Leon*Burgos*North),Europe,42.94361111,-3.542222222,17.6,0,64.8,0,0,0,0,17.6
Southwest*Europe:Spanish:Castilian*(Castile*and*Leon*Soria),Europe,41.76666667,-2.466666667,20,0,62.6,0,0,0,0,17.4
Southwest*Europe:Spanish:Castilian*(Castilla-La*Mancha),Europe,39.86666667,-4.016666667,19.6,0,66.2,0,0,0,0,14.2
Southwest*Europe:Spanish:Catalan*(Baleares),Europe,39.5,3,20.6,0,66.2,0,0,0,0,13.2
Southwest*Europe:Spanish:Catalan*(Baleares*Ibiza),Europe,38.98333333,1.433333333,20.4,0,66.2,0,0,0,0,13.4
Southwest*Europe:Spanish:Catalan*(Baleares*Mallorca),Europe,39.61666667,2.983333333,21.2,0,65.2,0,0,0,0,13.6
Southwest*Europe:Spanish:Catalan*(Baleares*Menorca),Europe,39.96666667,4.083333333,19.6,0,66.6,0,0,0,0,13.8
Southwest*Europe:Spanish:Catalan*(Catalonia),Europe,41.8375,1.537777778,19.6,0,64.2,0,0,0,0,16.2
Southwest*Europe:Spanish:Catalan*(Catalonia*Barcelones),Europe,41.38333333,2.183333333,19.6,0,63.8,0,0,0,0,16.6
Southwest*Europe:Spanish:Catalan*(Catalonia*Camp*de*Tarragona),Europe,41.13333333,1.25,21,0,63.8,0,0,0,0,15.2
Southwest*Europe:Spanish:Catalan*(Catalonia*Girona),Europe,41.98444444,2.821111111,21,0,64.4,0,0,0,0,14.6
Southwest*Europe:Spanish:Catalan*(Catalonia*Lleida),Europe,41.61666667,0.6333333333,19.8,0,64.6,0,0,0,0,15.6
Southwest*Europe:Spanish:Catalan*(Catalonia*Penedes),Europe,41.29305556,1.749444444,21.4,0,63.8,0,0,0,0,14.8
Southwest*Europe:Spanish:Catalan*(Catalonia*Pirineu),Europe,42.49611111,1.210555556,19,0,64.6,0,0,0,0,16.4
Southwest*Europe:Spanish:Catalan*(Catalonia*Terres*de*l'Ebre),Europe,40.92805556,0.5166666667,19.4,0,65.6,0,0,0,0,15
Southwest*Europe:Spanish:Extremaduran*(Extremadura),Europe,39,-6,20.2,0,65.2,1,0,0,0,13.6
Southwest*Europe:Spanish:Galician*(Galicia),Europe,42.5,-8.1,20.4,0,64.6,0.4,0,0,0,14.6
Southwest*Europe:Spanish:Murcian*(Murcia),Europe,37.98611111,-1.130277778,20.4,0,64.8,0.6,0,0,0,14.2
Southwest*Europe:Spanish:Navarrese*(Navarre),Europe,42.81666667,-1.65,19,0,65.2,0,0,0,0,15.8
Southwest*Europe:Spanish:Riojan(La*Rioja),Europe,42.25,-2.5,17.6,0,65.2,0,0,0,0,17.2
Southwest*Europe:Spanish:Valencian*(Valencia),Europe,39.46666667,-0.375,19.4,0,65,0,0,0,0,15.6
Southwest*Europe:Spanish:Valencian*(Valencia*Alicante),Europe,38.34527778,-0.4830555556,20.6,0,65.2,0,0,0,0,14.2
Southwest*Europe:Spanish:Valencian*(Valencia*Castellon),Europe,40.16666667,-0.1666666667,19,0,64.8,0,0,0,0,16.2
Sub-Saharan*African:Bantu:Bantu*(South*Africa).,Africa,-29,31,0,0,0,33.6,0,0,66.4,0
Sub-Saharan*African:Bantu:Bitonga*(Mozambique),Africa,-23.7964,35.1577,0,0,0,43.4,0,0,56.6,0
Sub-Saharan*African:Bantu:Changana,Africa,-23.75,32.75,0,0,0,44.6,0,0,55.4,0
Sub-Saharan*African:Bantu:Chopi*(Mozambique),Africa,-24.8327,34.1097,0,0,0,43.2,0,0,56.8,0
Sub-Saharan*African:Bantu:Ganguela*(Angola),Africa,-13.5382,22.2924,0,0,0,43.8,0,0,56.2,0
Sub-Saharan*African:Bantu:Herero*(Namibia).,Africa,-21.0231,20.5655,0,0,0,41.2,0,0,58.8,0
Sub-Saharan*African:Bantu:Kongo,Africa,-2.29601,17.1548,0,0,0,42,0,0,58,0
Sub-Saharan*African:Bantu:Luhya*(Kenya),Africa,0.343,34.477,0,0,0,65,0,0,35,0
Sub-Saharan*African:Bantu:Makhuwa*(Mozambique),Africa,-14.251,36.5249,0,0,0,45,0,0,55,0
Sub-Saharan*African:Bantu:Manyika,Africa,-18.1927,32.8052,0,0,0,43.2,0,0,56.8,0
Sub-Saharan*African:Bantu:Mwani*(Mozambique),Africa,-12.5821,40.4601,0,0,0,49,0,0,51,0
Sub-Saharan*African:Bantu:Nyaneka*(Angola),Africa,-15.9616,14.94,0,0,0,43.4,0,0,56.6,0
Sub-Saharan*African:Bantu:Nyanja,Africa,-14.8047,32.8108,0,0,0,45.8,0,0,54.2,0
Sub-Saharan*African:Bantu:Ronga,Africa,-26.7329,32.6167,0,0,0,43,0,0,57,0
Sub-Saharan*African:Bantu:Sena*(Mozambique),Africa,-19.7933,34.9829,0,0,0,46,0,0,54,0
Sub-Saharan*African:Bantu:Tswa*(Mozambique),Africa,-22.9891,32.4287,0,0,0,43.6,0,0,56.4,0
Sub-Saharan*African:Bantu:Umbundu*(Angola),Africa,-12.4763,14.4148,0,0,0,44.2,0,0,55.8,0
Sub-Saharan*African:Bantu:Yao,Africa,-13.6119,35.2387,0,0,0,45,0,0,55,0
Sub-Saharan*African:Hadza:Hadza*(Tanzania),Africa,-3.83115,35.0458,0,0,4.6,79.4,0,0,16,0
Sub-Saharan*African:Khoisan:San*(Ju*Hoan),Africa,-19.688,20.7673,0,0,0,0,0,100,0,0
Sub-Saharan*African:Khoisan:San*(Khomani),Africa,-30.4207,19.7711,0,0,0.8,11.4,0,87.8,0,0
Sub-Saharan*African:Nilo-Saharan:Anuak,Africa,7.57714,34.0267,0,0,0,100,0,0,0,0
Sub-Saharan*African:Nilo-Saharan:Aringa*(Uganda),Africa,3.56143,31.3071,0,0,0,85.6,0,0,14.4,0
Sub-Saharan*African:Nilo-Saharan:Bari*(South*Sudan),Africa,4.19522,31.0723,0,0,0,98,0,0,2,0
Sub-Saharan*African:Nilo-Saharan:Dinka*(South*Sudan),Africa,6.7307,30.3021,0,0,0,100,0,0,0,0
Sub-Saharan*African:Nilo-Saharan:Kakwa,Africa,3.65233,30.7762,0,0,0,86,0,0,14,0
Sub-Saharan*African:Nilo-Saharan:Mursi*(Ethiopia),Africa,5.69801,36.0971,0,0,0,100,0,0,0,0
Sub-Saharan*African:Nilo-Saharan:Nuer*(South*Sudan),Africa,8.13911,32.3829,0,0,0,100,0,0,0,0
Sub-Saharan*African:Nilo-Saharan:Shilluk*(South*Sudan),Africa,9.85472,31.7926,0,0,0,100,0,0,0,0
Sub-Saharan*African:Nilo-Saharan:Zaghawa*(Sudan),Africa,17.4842,23.4626,0,0,1,99,0,0,0,0
Sub-Saharan*African:Pygmy:Baka,Africa,2.16013,13.7804,0,0,0,0,0,0,100,0
Sub-Saharan*African:Pygmy:Bakola,Africa,0.882925,14.1345,0,0,0,0,0,0,100,0
Sub-Saharan*African:Pygmy:Bedzan,Africa,5.5925,12.31583333,0,0,0,0,0,0,100,0
Sub-Saharan*African:Pygmy:Biaka,Africa,3.6515,17.2713,0,0,0,0,0,0,100,0
Sub-Saharan*African:Pygmy:Mbuti,Africa,1.557222222,28.44916667,0,0,0,0,0,15.8,84.2,0
Sub-Saharan*African:Sandawe:Sandawe,Africa,-5.26918,35.4808,0,0,10.8,77.2,0,0,12,0
Sub-Saharan*African:West*Africa:Akan*(Ghana),Africa,6.34756,-1.33254,0,0,0,48.6,0,0,51.4,0
Sub-Saharan*African:West*Africa:Bambara*(Mali),Africa,12.9,-7.65,0,0,0,55,0,0,45,0
Sub-Saharan*African:West*Africa:Dogon,Africa,14.5872,-3.56855,0,0,0,57.2,0,0,42.8,0
Sub-Saharan*African:West*Africa:Frafra*(Ghana),Africa,11.0918,-0.81109,0,0,0,53.6,0,0,46.4,0
Sub-Saharan*African:West*Africa:Igbo*(Nigeria),Africa,4.62705,7.23441,0,0,0,45.2,0,0,54.8,0
Sub-Saharan*African:West*Africa:Jola*(Gambia),Africa,12.5089,-16.5539,0,0,0,51.2,0,0,48.8,0
Sub-Saharan*African:West*Africa:Kassena*(Ghana),Africa,11.0824,-1.39076,0,0,0,53.4,0,0,46.6,0
Sub-Saharan*African:West*Africa:Malinke*(Mali),Africa,12.9,-7.65,0,0,0,55.6,0,0,44.4,0
Sub-Saharan*African:West*Africa:Mandinka*(Gambia),Africa,12.81652333,-15.65394667,0,0,0.2,57.8,0,0,42,0
Sub-Saharan*African:West*Africa:Mandinka*(Senegal),Africa,13.5677,-12.8009,0,0,0,57,0,0,43,0
Sub-Saharan*African:West*Africa:Manjak*(Gambia),Africa,12.829,-15.9217,0,0,0,54.6,0,0,45.4,0
Sub-Saharan*African:West*Africa:Mende*(Sierra*Leone),Africa,7.90935,-10.9926,0,0,0,45.6,0,0,54.4,0
Sub-Saharan*African:West*Africa:Mossi*(Burkina*Faso),Africa,11.95,-1.32,0,0,0,54.4,0,0,45.6,0
Sub-Saharan*African:West*Africa:Serer*(Gambia),Africa,13.8941,-16.3916,0,0,0.2,58.2,0,0,41.6,0
Sub-Saharan*African:West*Africa:Wolof*(Gambia),Africa,15.2534,-15.383,0,0,0.2,58.6,0,0,41.2,0
Sub-Saharan*African:West*Africa:Yoruba*(Nigeria),Africa,7.15345,3.67225,0,0,0,49.4,0,0,50.6,0
Volga-Ural:Chuvash:Chuvash,Europe,55.48701,47.16298,44.8,0,30,0,15,0,0,10.2
Volga-Ural:Mari:Mari,Europe,56.22,46.569,47.8,0,23.2,0,20,0,0,9
Volga-Ural:Mordvin:Mordvin,Europe,54.43333333,44.45,42.6,0,39.4,0,0.6,0,0,17.4
Volga-Ural:Mordvin:Mordvin*(Erzya),Europe,52.8548,45.3901,42.4,0,39.6,0,0.2,0,0,17.8
Volga-Ural:Mordvin:Mordvin*(Moksha),Europe,54.1855,42.6728,41.4,0,41.8,0,0,0,0,16.8
Volga-Ural:Tatar:Tatar*(Kazan),Europe,55.55,50.93333333,41.8,0,35.8,0,13,0,0,9.4
Volga-Ural:Tatar:Tatar*(Mishar),Europe,53.25,44.56666667,39.4,0,38.4,0,9.2,0,0,13
Volga-Ural:Udmurt:Besermyan,Europe,57.93111111,51.92194444,49.6,0,29.6,0,13.4,0,0,7.4
Volga-Ural:Udmurt:Udmurt,Europe,56.12921,52.63548,52.4,0,26.2,0,14.4,0,0,7
West*Asia*and*the*Caucasus:Anatolian*Greek:Greek*(Kayseri),Europe,38.7225,35.4875,23.4,0,76,0.6,0,0,0,0
West*Asia*and*the*Caucasus:Anatolian*Greek:Greek*(Konya),Europe,37.86666667,32.48333333,22.2,0,76.8,1,0,0,0,0
West*Asia*and*the*Caucasus:Anatolian*Greek:Greek*(Niğde),Europe,37.96666667,34.67916667,23.6,0,75.8,0.6,0,0,0,0
West*Asia*and*the*Caucasus:Anatolian*Turkish:Turkish*(Antalya),Europe,36.8875,30.7075,27.6,0,59.2,0.8,12.4,0,0,0
West*Asia*and*the*Caucasus:Anatolian*Turkish:Turkish*(Aydin),Europe,37.84805556,27.84527778,28.2,0,60,0.8,11,0,0,0
West*Asia*and*the*Caucasus:Anatolian*Turkish:Turkish*(Balikesir),Europe,39.63333333,27.88333333,30,0,59.2,0.2,10.6,0,0,0
West*Asia*and*the*Caucasus:Anatolian*Turkish:Turkish*(Central*Anatolia),Europe,39,33,28.4,0,63.2,1.2,7.2,0,0,0
West*Asia*and*the*Caucasus:Anatolian*Turkish:Turkish*(Denizli),Europe,37.76666667,29.08333333,29.2,0,58.4,1.2,11.2,0,0,0
West*Asia*and*the*Caucasus:Anatolian*Turkish:Turkish*(Eskişehir),Europe,39.78333333,30.51666667,30.8,0,59.8,0.2,9.2,0,0,0
West*Asia*and*the*Caucasus:Anatolian*Turkish:Turkish*(Giresun),Europe,40.91527778,38.38944444,28.6,0,57.6,0,13.8,0,0,0
West*Asia*and*the*Caucasus:Anatolian*Turkish:Turkish*(Isparta),Europe,37.76472222,30.55666667,28.6,0,64.2,0.8,6.4,0,0,0
West*Asia*and*the*Caucasus:Anatolian*Turkish:Turkish*(Kahramanmaraş),Europe,37.58333333,36.93333333,29,0,61.6,1.6,7.8,0,0,0
West*Asia*and*the*Caucasus:Anatolian*Turkish:Turkish*(Karaman),Europe,37.18194444,33.21805556,27,0,63,1.4,8.6,0,0,0
West*Asia*and*the*Caucasus:Anatolian*Turkish:Turkish*(Kayseri),Europe,38.7225,35.4875,27.8,0,65.8,1.2,5.2,0,0,0
West*Asia*and*the*Caucasus:Anatolian*Turkish:Turkish*(Konya),Europe,37.86666667,32.48333333,27,0,65.8,1,6.2,0,0,0
West*Asia*and*the*Caucasus:Anatolian*Turkish:Turkish*(Kütahya),Europe,39.41666667,29.98333333,30.2,0,59.6,1,9.2,0,0,0
West*Asia*and*the*Caucasus:Anatolian*Turkish:Turkish*(Sivas),Europe,39.75,37.01666667,30,0,62.6,0.4,7,0,0,0
West*Asia*and*the*Caucasus:Anatolian*Turkish:Turkish*(Southwest*Anatolia),Europe,36.73333333,29.9,29.2,0,59.2,0.6,11,0,0,0
West*Asia*and*the*Caucasus:Armenian:Armenian,Europe,40,45,24.2,0,73.8,2,0,0,0,0
West*Asia*and*the*Caucasus:Armenian:Armenian*(Erzurum),Europe,39.90861111,41.27694444,25.8,0,73,1.2,0,0,0,0
West*Asia*and*the*Caucasus:Armenian:Armenian*(Gaziantep),Europe,37.06666667,37.38333333,23.2,0,74.4,2.4,0,0,0,0
West*Asia*and*the*Caucasus:Armenian:Armenian*(Kayseri),Europe,38.7225,35.4875,26,0,72.8,1.2,0,0,0,0
West*Asia*and*the*Caucasus:Armenian:Armenian*(Şanlıurfa),Europe,37.15833333,38.79166667,23.2,0,74.6,2.2,0,0,0,0
West*Asia*and*the*Caucasus:Armenian:Armenian*(Yerevan),Europe,40.18138889,44.51444444,25.6,0,72.6,1.8,0,0,0,0
West*Asia*and*the*Caucasus:Azerbaijani:Azerbaijani*(Azerbaijan),Europe,40.97768,46.4737,31.2,0,61.4,2.2,5.2,0,0,0
West*Asia*and*the*Caucasus:Azerbaijani:Azerbaijani*(Iran),Middle East,36.5137,48.4302,31.8,0,60.6,2.2,5.4,0,0,0
West*Asia*and*the*Caucasus:Azerbaijani:Azerbaijani*(Tabriz),Middle East,38.07388889,46.29611111,32.4,0.2,59.2,2.4,5.8,0,0,0
West*Asia*and*the*Caucasus:Azerbaijani:Azerbaijani*(Turkey),Europe,39.92083333,44.04444444,31.2,0,62.4,2.2,4.2,0,0,0
West*Asia*and*the*Caucasus:Azerbaijani:Azerbaijani*(Zanjan),Middle East,36.675,48.48444444,31.6,0,60.8,1.8,5.8,0,0,0
West*Asia*and*the*Caucasus:Cyprus:Greek*(Cyprus),Europe,35.16666667,33.36666667,19.2,0,78,2.8,0,0,0,0
West*Asia*and*the*Caucasus:Cyprus:Turkish*(Cyprus),Europe,35.2875,33.89166667,21.8,0,73.4,4.4,0.4,0,0,0
West*Asia*and*the*Caucasus:Eastern*Black*Sea:Hamsheni,Europe,40.93166667,40.84777778,26.6,0,72.4,0.8,0,0,0.2,0
West*Asia*and*the*Caucasus:Eastern*Black*Sea:Laz*(Turkey),Europe,41.5004,41.9096,27.2,0,72,0.8,0,0,0,0
West*Asia*and*the*Caucasus:Eastern*Black*Sea:Turkish*(Trabzon),Europe,41.005,39.7225,25,0,74.2,0.8,0,0,0,0
West*Asia*and*the*Caucasus:Iranic:Kurdish,Middle East,37,43,33.4,0.2,63.6,2.4,0.4,0,0,0
West*Asia*and*the*Caucasus:Iranic:Kurdish*(Feyli),Middle East,32.8977,46.5976,34.4,2.4,60.8,2.4,0,0,0,0
West*Asia*and*the*Caucasus:Iranic:Kurdish*(Iraq),Middle East,36.08305556,44.62972222,32.6,0.6,63,2.8,1,0,0,0
West*Asia*and*the*Caucasus:Iranic:Kurdish*(Kordestan),Middle East,35.31138889,46.99611111,33.6,2.8,61.2,2.4,0,0,0,0
West*Asia*and*the*Caucasus:Iranic:Kurdish*(Urmia),Middle East,37.54861111,45.0675,36,0,62.2,1.8,0,0,0,0
West*Asia*and*the*Caucasus:Iranic:Lor,Middle East,32.5438,47.916,32.8,2.6,61.4,3.2,0,0,0,0
West*Asia*and*the*Caucasus:Iranic:Mazandarani,Middle East,36.241,52.3009,38.4,1.8,57,2.8,0,0,0,0
West*Asia*and*the*Caucasus:Iranic:Persian*(Fars),Middle East,29.41666667,53.23333333,35,4.6,57.4,3,0,0,0,0
West*Asia*and*the*Caucasus:Iranic:Persian*(Isfahan),Middle East,32.65777778,51.66916667,34.8,4.2,58.4,2.6,0,0,0,0
West*Asia*and*the*Caucasus:Iranic:Persian*(Tehran),Middle East,35.68916667,51.38888889,34,1.6,60.4,2.2,1.8,0,0,0
West*Asia*and*the*Caucasus:Iranic:Persian*(Zoroastrian),Middle East,31.89722222,54.36777778,37.8,0.4,59,2.8,0,0,0,0
West*Asia*and*the*Caucasus:Iranic:Talysh*(Azerbaijan),Middle East,38.4552,48.6349,33.6,1.6,61.8,2.2,0.8,0,0,0
West*Asia*and*the*Caucasus:Iranic:Yazidi,Middle East,36.61666667,43.11666667,33.8,1.2,62.2,2.8,0,0,0,0
West*Asia*and*the*Caucasus:Levant:Druze,Middle East,32.66666667,36.73333333,20,0.2,75.6,4.2,0,0,0,0
West*Asia*and*the*Caucasus:Levant:Druze*(Lebanon),Middle East,33.80805556,35.6125,20.2,0,74.8,5,0,0,0,0
West*Asia*and*the*Caucasus:Levant:Lebanese*Christian*(Greek*Orthodox),Middle East,34.35,35.8,17.8,0,78,4.2,0,0,0,0
West*Asia*and*the*Caucasus:Levant:Lebanese*Christian*(Maronite),Middle East,33.96972222,35.61555556,18.2,0,77.8,4,0,0,0,0
West*Asia*and*the*Caucasus:Levant:Lebanese*Muslim*(Shia),Middle East,33.27083333,35.19611111,19.8,0.8,72.6,6.8,0,0,0,0
West*Asia*and*the*Caucasus:Levant:Lebanese*Muslim*(Sunni),Middle East,33.56055556,35.37583333,19.4,0,72,8.2,0.4,0,0,0
West*Asia*and*the*Caucasus:Levant:Palestinian,Middle East,32,35.25,16.2,1.2,71.6,11,0,0,0,0
West*Asia*and*the*Caucasus:Levant:Palestinian*(Beit*Sahour),Middle East,31.7,35.21666667,17.2,0,78,4.8,0,0,0,0
West*Asia*and*the*Caucasus:Levant:Samaritan,Middle East,32.01666667,34.76666667,13.6,1,80,5.4,0,0,0,0
West*Asia*and*the*Caucasus:Levant:Syrian*(Aleppo),Middle East,36.2,37.16666667,20.4,0,70.8,8.2,0.6,0,0,0
West*Asia*and*the*Caucasus:Levant:Syrian*(Damascus),Middle East,33.51305556,36.29194444,19,0,70.2,9.6,1.2,0,0,0
West*Asia*and*the*Caucasus:Mesopotamia:Assyrian,Middle East,36.26972222,43.3775,26,0,71.4,2.6,0,0,0,0
West*Asia*and*the*Caucasus:Mesopotamia:Assyrian*(Turkey),Europe,37.4,41.48333333,26.2,0,71.2,2.6,0,0,0,0
West*Asia*and*the*Caucasus:Mesopotamia:Chaldean*Catholic*(Iraq),Middle East,36.73222222,43.09527778,25.4,0.8,70.4,3.4,0,0,0,0
West*Asia*and*the*Caucasus:Mesopotamia:Mandaean*(Iraq),Middle East,36.18333333,44.03333333,23.6,2.4,70.6,3.4,0,0,0,0
West*Asia*and*the*Caucasus:North*Caucasus:Abazin,Europe,44.25,42,37.6,0,56.4,0,6,0,0,0
West*Asia*and*the*Caucasus:North*Caucasus:Adygei,Europe,44,39.33,38.6,0,60.2,0,1.2,0,0,0
West*Asia*and*the*Caucasus:North*Caucasus:Balkar,Europe,43.565,42.2606,38.6,0,57.4,0,4,0,0,0
West*Asia*and*the*Caucasus:North*Caucasus:Chechen,Europe,43.5,45.5,43.2,0,56.8,0,0,0,0,0
West*Asia*and*the*Caucasus:North*Caucasus:Circassian,Europe,43.58527778,39.72027778,38.2,0,57.4,0,4.4,0,0,0
West*Asia*and*the*Caucasus:North*Caucasus:Ingush,Europe,43.11,45.03,41,0,57.8,0,1.2,0,0,0
West*Asia*and*the*Caucasus:North*Caucasus:Kabardin,Europe,43.5082,43.3918,37.6,0,57.4,0,5,0,0,0
West*Asia*and*the*Caucasus:North*Caucasus:Karachay,Europe,43.91666667,41.78333333,38.2,0,57,0,4.8,0,0,0
West*Asia*and*the*Caucasus:North*Caucasus:Kumyk,Europe,43,47,39,0,57.4,0,3.6,0,0,0
West*Asia*and*the*Caucasus:North*Caucasus:Ossetian,Europe,42.225,43.97,37.2,0,60,0.2,2.6,0,0,0
West*Asia*and*the*Caucasus:North*Caucasus:Ossetian*(North),Europe,43.18333333,44.23333333,37.8,0,57.6,0.6,4,0,0,0
West*Asia*and*the*Caucasus:Northeast*Caucasus:Avar*(Dagestan),Europe,41.7047,46.558,48.2,0,51.8,0,0,0,0,0
West*Asia*and*the*Caucasus:Northeast*Caucasus:Dargin*(Dagestan),Europe,42.4257,47.4388,49.8,0,50.2,0,0,0,0,0
West*Asia*and*the*Caucasus:Northeast*Caucasus:Kaitag*(Dagestan),Europe,42.052428,47.776611,47.8,0,52.2,0,0,0,0,0
West*Asia*and*the*Caucasus:Northeast*Caucasus:Lak*(Dagestan),Europe,42.1328,47.0809,48.4,0,51.6,0,0,0,0,0
West*Asia*and*the*Caucasus:Northeast*Caucasus:Tabasaran*(Dagestan),Europe,42.0198,47.8379,46.8,0,53.2,0,0,0,0,0
West*Asia*and*the*Caucasus:South*Caucasus:Abkhazian,Europe,43.056218,41.159115,33.2,0,64.8,0.6,1.2,0,0.2,0
West*Asia*and*the*Caucasus:South*Caucasus:Georgian*(Adjara),Europe,41.65,42,30,0,69.4,0.6,0,0,0,0
West*Asia*and*the*Caucasus:South*Caucasus:Georgian*(Imereti),Europe,42.16666667,42.98333333,30.8,0,68.6,0,0,0,0.6,0
West*Asia*and*the*Caucasus:South*Caucasus:Georgian*(Kakheti),Europe,41.75,45.71666667,30.8,0,68.2,1,0,0,0,0
West*Asia*and*the*Caucasus:South*Caucasus:Georgian*(Kartli),Europe,41.26666667,44.50277778,32,0,67,1,0,0,0,0
West*Asia*and*the*Caucasus:South*Caucasus:Georgian*(Samegrelo),Europe,42.575,41.67777778,32,0,67.2,0.8,0,0,0,0
West*Asia*and*the*Caucasus:South*Caucasus:Georgian*(Svaneti),Europe,42.91638889,43.01138889,35.2,0,64.6,0,0.2,0,0,0
West*Asia*and*the*Caucasus:South*Caucasus:Turkish*(Meskheti),Europe,41.58333333,43.26666667,30.8,0,68.8,0.4,0,0,0,0
West*Europe:French*(Arpitan):French*(Auvergne-Rhone-Alpes*Isere),Europe,45.33333333,5.5,21.4,0,62.4,0,0,0,0,16.2
West*Europe:French*(Arpitan):French*(Auvergne-Rhone-Alpes*Loire),Europe,45.08333333,4.083333333,21.6,0,61.4,0,0,0,0,17
West*Europe:French*(Arpitan):French*(Auvergne-Rhone-Alpes*Rhone),Europe,45.83333333,4.666666667,25.2,0,60.4,0,0,0,0,14.4
West*Europe:French*(Arpitan):French*(Auvergne-Rhone-Alpes*Savoie),Europe,45.58333333,6.333333333,23.6,0,62.8,0,0,0,0,13.6
West*Europe:French*(Arpitan):French*(Bourgogne-Franche-Comte*Jura),Europe,46.67527778,5.554444444,25.6,0,60.8,0,0,0,0,13.6
West*Europe:French*(Oïl):French*(Bourgogne-Franche-Comte*Cote-d'Or),Europe,47.41666667,4.833333333,26.2,0,57.8,0,0,0,0,16
West*Europe:French*(Oïl):French*(Bourgogne-Franche-Comte*Doubs),Europe,47.16666667,6.416666667,25.4,0,60,0,0,0,0,14.6
West*Europe:French*(Oïl):French*(Bourgogne-Franche-Comte*Haute-Saone),Europe,47.58333333,6,25.8,0,60,0,0,0,0,14.2
West*Europe:French*(Oïl):French*(Bourgogne-Franche-Comte*Nievre),Europe,47.08333333,3.5,24,0,61,0,0,0,0,15
West*Europe:French*(Oïl):French*(Bourgogne-Franche-Comte*Yonne),Europe,47.8,3.566666667,24.4,0,60.4,0,0,0,0,15.2
West*Europe:French*(Oïl):French*(Centre-Val*de*Loire*Indre),Europe,46.76666667,1.6,22.8,0,58.8,0,0,0,0,18.4
West*Europe:French*(Oïl):French*(Grand*Est*Marne),Europe,49,4.25,24.2,0,60.2,0,0,0,0,15.6
West*Europe:French*(Oïl):French*(Grand*Est*Moselle),Europe,49.03388889,6.661944444,26.4,0,57.6,0,0,0,0,16
West*Europe:French*(Oïl):French*(Grand*Est*Vosges),Europe,48.16666667,6.416666667,26,0,58.4,0,0,0,0,15.6
West*Europe:French*(Oïl):French*(Ile-de-France*Paris),Europe,48.85666667,2.352222222,25.2,0,58.4,0,0,0,0,16.4
West*Europe:French*(Oïl):French*(Nouvelle-Aquitaine*Charente-Maritime),Europe,45.95,-0.9666666667,24,0,59.2,0,0,0,0,16.8
West*Europe:French*(Oïl):French*(Pays*de*la*Loire*Sarthe),Europe,48.28333333,0.2166666667,25.8,0,57.6,0,0,0,0,16.6
West*Siberia:Ket:Ket,Central/South Asia,63.7551,87.5466,48.2,0,0,0,51.8,0,0,0
West*Siberia:Khanty-Mansi:Khanty,Central/South Asia,59.500948,69.085972,54.6,0,5.2,0,40.2,0,0,0
West*Siberia:Khanty-Mansi:Khanty*(Obdorsk),Central/South Asia,66.31,67.09,54,0,4.6,0,41.4,0,0,0
West*Siberia:Khanty-Mansi:Mansi,Central/South Asia,61.1432,62.4023,53,0,9,0,36.8,0,0,1.2
West*Siberia:Nenets:Nenets*(Forest),Central/South Asia,63.72,71.97,40.2,0,0,0,59.8,0,0,0
West*Siberia:Nenets:Nenets*(Tundra),Central/South Asia,66.1775,71.0234,40.6,0,0,0,59.4,0,0,0
West*Siberia:Selkup:Selkup*(Taz),Central/South Asia,65.7035,82.4441,46,0,0,0,54,0,0,0